CIURESCU AUREL PERSOANA FIZICA AUTORIZATA^20458968^F35/165/2003^ROONRC.F35/165/2003^1084,2080^Sat Tormac, Comuna Tormac Nr. 76, Judet Timis
B.C.C.D. TEAM SRL^14878568^J35/1450/2002^ROONRC.J35/1450/2002^1052,1074,1084,2080,2120^Municipiul Lugoj, Spl. SPORTURILOR Nr. 1/B, Apartament 17, Judet Timis
DOBOS AMALIA PF^2740330353944^F35/202/2003^ROONRC.F35/202/2003^1084^Municipiul Timisoara, Str. MARTIR VASILE BALMUS Nr. 56, Bloc 55, Scara F, Etaj 4, Apartament 10, Judet Timis
MIHA STYLING SRL^15582756^J35/1605/2003^ROONRC.J35/1605/2003^1084,2038,2069,2074,2103,2110,2112,2114^Municipiul Timisoara, Str. PADURARILOR Nr. 6, Bloc A11D, Etaj P, Apartament 4, Judet Timis
HANES IOAN PF^1510611352655^F35/316/2003^ROONRC.F35/316/2003^1084^Municipiul Lugoj, Spl. CAMPIONILOR Nr. 22, Scara A, Etaj 4, Apartament 17, Judet Timis
GALVANOTEHNICA SRL^641293^J30/79/1992^ROONRC.J30/79/1992^1084,2038,2080,2112,2114^Municipiul Satu Mare, Str. FABRICII Nr. 22, Judet Satu Mare
SABOU V SNC^2830710^J30/80/1992^ROONRC.J30/80/1992^1084,2038,2074,2103,2110,2112,2114^Sat Paulesti, Comuna Paulesti, Str. MICA Nr. 37, Judet Satu Mare
CERGHIZAN A SNC^7135374^J30/81/1992^ROONRC.J30/81/1992^1084,2038,2074,2103,2110,2112,2114^Municipiul Satu Mare, Str. ANA IPATESCU Nr. 28, Judet Satu Mare
LUCKY SRL^2385256^J30/82/1992^ROONRC.J30/82/1992^1084,2076^Municipiul Satu Mare, B-dul LUCIAN BLAGA, Bloc 10/A, Judet Satu Mare
FARCAS TRANSPORT RAPID SRL^638808^J30/84/1992^ROONRC.J30/84/1992^1084,2076^Municipiul Satu Mare, Str. AURORA, Bloc E.2, Apartament 17, Judet Satu Mare
PUMUKLI SRL^649750^J30/87/1992^ROONRC.J30/87/1992^1084,2076^Municipiul Satu Mare, Str. MILENIULUI Nr. 15/A, Judet Satu Mare
AXA SRL^5930195^J30/88/1992^ROONRC.J30/88/1992^1084,2076^Municipiul Satu Mare, Str. GAVRIL LAZAR DE PURCARET Nr. 6, Judet Satu Mare
SIKEDI SRL^5775768^J30/867/1994^ROONRC.J30/867/1994^1084,2076^Municipiul Satu Mare, Str. CAREIULUI Nr. 4, Apartament 75, Judet Satu Mare
KENDI SRL^5736734^J30/868/1994^ROONRC.J30/868/1994^1084,2076^Sat Bixad, Comuna Bixad, Str. PRINCIPALA Nr. 846, Judet Satu Mare
AUSTIN SRL^5736742^J30/869/1994^ROONRC.J30/869/1994^1084^Sat Trip, Comuna Bixad Nr. 12/A, Judet Satu Mare
SAMI MI SRL^6782984^J30/2080/1994^ROONRC.J30/2080/1994^1084,2038,2074,2103,2110,2112,2114^Municipiul Satu Mare, Str. WOLFENBUTTEL Nr. 61, Judet Satu Mare
ORIDA COM SRL^6661362^J30/2081/1994^ROONRC.J30/2081/1994^1052,1084,2080^Sat Lazuri, Comuna Lazuri, Str. PRINCIPALA Nr. 377/K, Judet Satu Mare
LUP DOREL AF^10540997^F30/334/1998^ROONRC.F30/334/1998^1084,2075^Municipiul Satu Mare, Str. DIMA Nr. 1/A, Judet Satu Mare
TOMAS CENTER SRL^0^J30/334/1999^ROONRC.J30/334/1999^1084,2038,2074,2103,2110,2112,2114^Sat Calinesti-Oas, Comuna Calinesti-Oas, Str. PRINCIPALA Nr. 2, Judet Satu Mare
AGROPHYL SRL^11333507^J30/565/1998^ROONRC.J30/565/1998^1084,2038,2069,2074,2103,2110,2112,2114^Municipiul Satu Mare, B-dul CLOSCA Nr. 3, Bloc 19, Apartament 21, Judet Satu Mare
BURA MARIA AF^8246656^F30/333/1998^ROONRC.F30/333/1998^1084,2080^Sat Tarsolt, Comuna Tarsolt, Str. GRIVITEI Nr. 127, Judet Satu Mare
CARAIAN ELISABETA LUMINITA AF^10658560^F30/335/1998^ROONRC.F30/335/1998^1084,2080^Loc. Tasnad, Oras Tasnad, Str. HOREA Nr. 17, Judet Satu Mare
FANEA PINTEA CRISTIAN AF^10797274^F30/336/1998^ROONRC.F30/336/1998^1084,2075^Loc. Negresti-Oas, Oras Negresti-Oas, Str. VICTORIEI Nr. 20, Judet Satu Mare
PANEURO TIMIS-PTM SRL^15703467^J35/1958/2003^ROONRC.J35/1958/2003^1084,2038,2069,2074,2103,2110,2112,2114^Municipiul Timisoara, Calea ARADULUI Nr. 140, Judet Timis
SFERDEAN VIORICA PF^2731209354759^F35/359/2003^ROONRC.F35/359/2003^1084,2069^Municipiul Timisoara, Str. STELELOR Nr. 14, Scara B, Etaj 2, Apartament 10, Judet Timis
EL-ROSSETT SRL^15686250^J35/1909/2003^ROONRC.J35/1909/2003^1084,2038,2103,2110,2112,2114^Sat Sag, Comuna Sag, Str. A XIV-A Nr. 21, Judet Timis
O & C CONSTRUCT SRL^24160289^J35/2499/2008^ROONRC.J35/2499/2008^1074,1084,1120,2080,2120^Municipiul Timisoara, Str. FELIX Nr. 23, Bloc 75, Scara B, Etaj 3, Apartament 7, Judet Timis
GRANDI AFFARI IMMOBILIARI SRL^24898406^J35/4396/2008^ROONRC.J35/4396/2008^1084,2080^Municipiul Timisoara, Calea TORONTALULUI Nr. 72, Apartament 18, Judet Timis
ELI & SAB HOUSE SRL^16930557^J35/3321/2004^ROONRC.J35/3321/2004^1084,2038,2074,2103,2110,2112,2114^Municipiul Timisoara, Str. OFCEA Nr. 19, Etaj P, Apartament 7 CAMERA 3, Judet Timis
ROMVICA SRL^15679245^J35/1890/2003^ROONRC.J35/1890/2003^1052,1084,2038,2080,2114^Municipiul Timisoara, Str. FRUNZEI Nr. 22, Etaj 4, Apartament 19, Judet Timis
BAF'S CONSTRUCTION DEVELOPMENT SRL^16872219^J35/3064/2004^ROONRC.J35/3064/2004^1084^Municipiul Timisoara, Str. EFTIMIE MURGU Nr. 1/B, INCAPEREA 2, Judet Timis
LEHOCZ MIHAI PF^1360617350023^F35/1352/2004^ROONRC.F35/1352/2004^1084^Sat Tormac, Comuna Tormac Nr. 241, Judet Timis
ALU PLAST CENTER SRL^16026970^J35/2/2004^ROONRC.J35/2/2004^1084,2038,2103,2110,2112,2114^Sat Ictar-Budinti, Comuna Topolovatu Mare Nr. 178, Judet Timis
T & T MOBILE SRL^16836062^J35/2890/2004^ROONRC.J35/2890/2004^1052,1084,2038,2069,2103,2110,2112,2114^Municipiul Timisoara, Str. NUFAR Nr. 48, Apartament 15, Judet Timis
CARALICEA DUMITRU PF^21010180^F35/364/2003^ROONRC.F35/364/2003^1084,2080^Municipiul Timisoara, Str. BANUL SEVERINULUI Nr. 2, Judet Timis
ROTARIU CRISTINA PF^2450907352620^F35/753/2004^ROONRC.F35/753/2004^1084,2069^Municipiul Lugoj, Str. SALCAMULUI Nr. 24, Judet Timis
DRAGOTA NICOLAE PF^1420401354721^F35/768/2004^ROONRC.F35/768/2004^1084^Municipiul Timisoara, Str. ETERNITATII, Bloc 52, Scara C, Etaj 2, Apartament 6, Judet Timis
VESTINA FOREST SRL^14532130^J35/408/2002^ROONRC.J35/408/2002^1084,2038,2103,2110,2112,2114^Sat Costeiu, Comuna Costeiu, Com. COSTEIU MARE Nr. 421, Judet Timis
INTER STONE SRL^14625310^J35/681/2002^ROONRC.J35/681/2002^1084,2080^Municipiul Timisoara, Calea SAGULUI Nr. 215, Judet Timis
MONTE CERVINO SRL^14621458^J35/666/2002^ROONRC.J35/666/2002^1084,2038,2069,2110,2112,2114^Municipiul Timisoara, Calea ARADULUI, Bloc 4C/1, Judet Timis
MAGE 2002 SRL^14598908^J35/596/2002^ROONRC.J35/596/2002^1084,1120,2080^Municipiul Timisoara, Str. STEAUA, Bloc 53, Scara D, Apartament 5, Judet Timis
TOPLICEANU CLAUDIU-IULIAN PF^1790316354801^F35/7/2002^ROONRC.F35/7/2002^1084,2075^Municipiul Timisoara, Str. ION IONESCU DE LA BRAD, Bloc A33, Scara A, Etaj 3, Apartament 14, Judet Timis
BOGHIU IOAN ELECTRICIAN INTREPRINDERE INDIVIDUALA^29667704^F35/183/2012^ROONRC.F35/183/2012^1084^Municipiul Timisoara, Str. CERNA Nr. 5, Etaj 3, Apartament 306, Judet Timis
STANESCU ANGELA MARIA PERSOANA FIZICA AUTORIZATA^29667690^F35/182/2012^ROONRC.F35/182/2012^1084^Municipiul Timisoara, Str. EUGEN CUTEANU Nr. 20, Bloc D4, Scara B, Apartament 8, Judet Timis
ARMIN SRL^5112307^J30/74/1994^ROONRC.J30/74/1994^1084,2038,2074,2103,2110,2112,2114^Municipiul Satu Mare, B-dul TRAIAN, Bloc 2, Apartament 2, Judet Satu Mare
CIP & DEI COMPANY SRL^5203081^J30/75/1994^ROONRC.J30/75/1994^1084,2076^Municipiul Satu Mare, P-ta 25 OCTOMBRIE, Bloc 4, Apartament 15, Judet Satu Mare
RICHARD TRANS SRL^8969734^J30/955/1996^ROONRC.J30/955/1996^1084,2038,2074,2080,2103,2110,2112,2114^Municipiul Satu Mare, Aleea IPOTESTI Nr. 7, Apartament 42, Judet Satu Mare
KUHNTOP COMPANY 2003 SRL^16065740^J35/200/2004^ROONRC.J35/200/2004^1052,1074,1084,2080,2120^Municipiul Lugoj, Str. JABARULUI Nr. 82, SPATIU NR.2, Judet Timis
MAX-FORTY SRL^15226040^J35/412/2003^ROONRC.J35/412/2003^1052,1084,2038,2110,2112,2114^Municipiul Timisoara, Str. ION BARAC Nr. 2, Judet Timis
D & G SERVICES SRL^15189251^J35/297/2003^ROONRC.J35/297/2003^1084,2038,2069,2074,2103,2110,2112,2114^Municipiul Lugoj, Str. CARANSEBESULUI Nr. 5, Judet Timis
FIDELITY GROUP SRL^15199662^J35/315/2003^ROONRC.J35/315/2003^1084,2038,2074,2080,2103,2110,2112,2114^Municipiul Timisoara, B-dul BOGDAN PETRICEICU HASDEU Nr. 26, Judet Timis
CONSULTING TOYA SRL^15671004^J35/1865/2003^ROONRC.J35/1865/2003^1084^Municipiul Timisoara, Str. MOISE DOBOSAN Nr. 123, Etaj 2, Apartament 5, Judet Timis
PIGY SRL^2388449^J30/1246/1992^ROONRC.J30/1246/1992^1084,2038,2074,2080,2103,2110,2112,2114^Municipiul Satu Mare, Str. BOBOCULUI Nr. 21, Apartament 6, Judet Satu Mare
FULL TRADE SRL^3444628^J30/1247/1992^ROONRC.J30/1247/1992^1084,2038,2074,2103,2110,2112,2114^Municipiul Satu Mare, Str. BUJORULUI Nr. 98, Judet Satu Mare
CAMPING SRL^649688^J30/1251/1992^ROONRC.J30/1251/1992^1084,2076^Municipiul Satu Mare, Str. GHEORGHE BARITIU Nr. 139, Judet Satu Mare
UNIC SRL^2826239^J30/1252/1992^ROONRC.J30/1252/1992^1084,2076^Municipiul Carei, Str. DUZILOR Nr. 39/A, Judet Satu Mare
ALBEDO SRL^2387940^J30/1253/1992^ROONRC.J30/1253/1992^1084,2038,2074,2076,2103,2110,2112,2114^Municipiul Satu Mare, Aleea OITUZ Nr. 13, Judet Satu Mare
D.P.D.V. GROUP SRL^15728461^J35/2062/2003^ROONRC.J35/2062/2003^1084^Municipiul Timisoara, Str. DREPTATEA Nr. 6, Judet Timis
SYNCROBEST SRL^15776868^J35/2255/2003^ROONRC.J35/2255/2003^1052,1084,2080^Municipiul Timisoara, Str. SAMUIL MICU Nr. 7, Judet Timis
VMBG POSIBIL SRL^8988809^J30/962/1996^ROONRC.J30/962/1996^1084,2076^Municipiul Satu Mare, Str. STEFAN CEL MARE Nr. 6, Judet Satu Mare
GYOKU SRL^9064016^J30/965/1996^ROONRC.J30/965/1996^1084,2038,2080,2114^Municipiul Satu Mare, Str. ALECU RUSSO Nr. 12, Judet Satu Mare
FOX COM SRL^9011925^J30/966/1996^ROONRC.J30/966/1996^1084,2080^Sat Dorolt, Comuna Dorolt, Str. PRINCIPALA Nr. 234, Judet Satu Mare
SCHVARCZ TRANS SRL^9011933^J30/967/1996^ROONRC.J30/967/1996^1084,2038,2074,2103,2110,2112,2114^Municipiul Satu Mare, B-dul INDEPENDENTEI Nr. 41, Apartament 4, Judet Satu Mare
OVI & IOANA SRL^9011941^J30/968/1996^ROONRC.J30/968/1996^1052,1084,2080^Municipiul Satu Mare, Str. BRINDUSA Nr. 13, Apartament 9, Judet Satu Mare
KULCSAR ISTVAN CSABA AF^2390171^F30/70/2000^ROONRC.F30/70/2000^1084,2075^Municipiul Satu Mare, Str. RETEZATULUI Nr. 12, Judet Satu Mare
AGLAIA SRL^5921057^J30/1014/1994^ROONRC.J30/1014/1994^1084,2076^Municipiul Satu Mare, Aleea BEGONIEI, Apartament 34, Judet Satu Mare
PINTEA FLORIN-MARIUS PERSOANA FIZICA AUTORIZATA^25519799^F35/610/2009^ROONRC.F35/610/2009^1084,2069^Municipiul Timisoara, Str. MARASESTI Nr. 3, ARIPA VECHE, Etaj 2, Judet Timis
SICLU SRL^6490890^J30/1605/1994^ROONRC.J30/1605/1994^1084,2076^Municipiul Satu Mare, Str. MAL STING SOMES, Bloc T.1, Apartament 7, Judet Satu Mare
ANDREIK SRL^15138576^J35/110/2003^ROONRC.J35/110/2003^1084,2038,2069,2103,2110,2112,2114^Municipiul Timisoara, Str. LAMAITEI Nr. 8, CAM. 1, Judet Timis
DOKI-DAN SRL^15138657^J35/126/2003^ROONRC.J35/126/2003^1052,1084,2080^Sat Sacosu Mare, Comuna Darova, Com. DAROVA Nr. 234, Judet Timis
CULCEAN ZOITA MARIA PF^653352^F30/208/1992^ROONRC.F30/208/1992^1084,2075^Municipiul Satu Mare, P-ta 25 OCTOMBRIE Nr. 2, Judet Satu Mare
BOZGAU ANA PF^655892^F30/209/1992^ROONRC.F30/209/1992^1084,2075^Municipiul Satu Mare, P-ta 25 OCTOMBRIE Nr. 2, Judet Satu Mare
TRIFU ILIE AF^672400^F30/210/1992^ROONRC.F30/210/1992^1084,2075^Sat Sai, Comuna Valea Vinului, Str. PRINCIPALA Nr. 296, Judet Satu Mare
MURESAN AUREL AF^0^F30/211/1992^ROONRC.F30/211/1992^1084,2075^Sat Cig, Oras Tasnad, Str. PRINCIPALA Nr. 73, Judet Satu Mare
MINDESCU GHEORGHE PF^1340116354744^F35/428/2002^ROONRC.F35/428/2002^1084,2080^Municipiul Timisoara, B-dul REPUBLICII Nr. 8, Etaj 3, Apartament 11, Judet Timis
STANJIC NELU PF^1590212354767^F35/434/2002^ROONRC.F35/434/2002^1084,2075^Municipiul Timisoara, Intr. CARULUI Nr. 8, Judet Timis
ISTINIE CORNELIA PERSOANA FIZICA AUTORIZATA^21080428^F35/399/2001^ROONRC.F35/399/2001^1074,1084,2080,2120^Loc. Jimbolia, Oras Jimbolia, Str. SPRE EST Nr. 10, Judet Timis
INTERGEL SRL^15197297^J35/314/2003^ROONRC.J35/314/2003^1084,2080^Municipiul Timisoara, Str. CORNEL GROFSOREANU, Bloc 9/A, Apartament 4, Judet Timis
CATEIA SRL^14588190^J35/566/2002^ROONRC.J35/566/2002^1084,2038,2069,2080^Municipiul Timisoara, Str. ALEXANDRU ODOBESCU Nr. 50, Apartament 6, Judet Timis
SORINA DENTA SRL^14558750^J35/490/2002^ROONRC.J35/490/2002^1084,2038,2074,2103,2110,2112,2114^Sat Denta, Comuna Denta, Com. DENTA Nr. 530, Judet Timis
SICOMA 2002 SRL^14672664^J35/826/2002^ROONRC.J35/826/2002^1084,2038,2080,2112,2114^Municipiul Timisoara, Str. TEATRULUI Nr. 4, Bloc D33, Scara B, Etaj 3, Apartament 16, Judet Timis
SAMITRANS SRL^14682170^J35/876/2002^ROONRC.J35/876/2002^1084,2038,2080^Municipiul Timisoara, Str. ECATERINA TEODOROIU Nr. 19, Bloc T21, Apartament 5, Judet Timis
NICOLETA SRL^2830035^J30/328/1992^ROONRC.J30/328/1992^1084,2038,2074,2103,2110,2112,2114^Loc. Negresti-Oas, Oras Negresti-Oas, Str. VICTORIEI, Bloc 20/A, Apartament 13, Judet Satu Mare
NUIELUSA DE AUR SRL^644940^J30/329/1992^ROONRC.J30/329/1992^1084,2076^Municipiul Satu Mare, B-dul UNIRII Nr. 48, Judet Satu Mare
RELY SRL^663577^J30/330/1992^ROONRC.J30/330/1992^1084,2038,2103,2110,2112,2114^Loc. Negresti-Oas, Oras Negresti-Oas, Str. VICTORIEI, Bloc 8, Apartament 20, Judet Satu Mare
BACE ANA GINA AF^9369290^F30/111/1997^ROONRC.F30/111/1997^1084,2075^Sat Tarsolt, Comuna Tarsolt, Str. MATEASA Nr. 205, Judet Satu Mare
IUHOS IOSIF VASILE PF^9234609^F30/112/1997^ROONRC.F30/112/1997^1084,2075^Municipiul Satu Mare, Str. FRATERNITATII Nr. 6, Judet Satu Mare
HORVAT ILEANA PF^2541107301972^F30/113/1997^ROONRC.F30/113/1997^1084,2080^Municipiul Satu Mare, Aleea OZANA Nr. 4, Apartament 44, Judet Satu Mare
ONICA VASILE AF^2390910^F30/114/1997^ROONRC.F30/114/1997^1084,2075^Sat Sirlau, Comuna Batarci, Str. PRINCIPALA Nr. 9, Judet Satu Mare
DOMUTA GHEORGHE PF^1570320301965^F30/115/1997^ROONRC.F30/115/1997^1084,2080^Municipiul Satu Mare, Str. BEGONIEI Nr. 7, Apartament 25, Judet Satu Mare
FERDER ANTON AF^9451373^F30/116/1997^ROONRC.F30/116/1997^1084,2080^Municipiul Carei, Str. CORNELIU COPOSU Nr. 16, Apartament 4, Judet Satu Mare
MATEI MARIAN DORIN AF^9064628^F30/117/1997^ROONRC.F30/117/1997^1084,2075^Sat Homorodu de Mijloc, Comuna Homoroade, Str. PRINCIPALA Nr. 124, Judet Satu Mare
CSIZMAR FRANCISC PF^1551228300026^F30/118/1997^ROONRC.F30/118/1997^1084,2080^Municipiul Carei, Str. MIHAI VITEAZUL, Bloc R.16, Apartament 8, Judet Satu Mare
DAVID GHEORGHE AF^9596838^F30/119/1997^ROONRC.F30/119/1997^1084,2075^Municipiul Satu Mare, Aleea TROTUSULUI, Apartament 17, Judet Satu Mare
AGROMEC VALEA VINULUI SA^648968^J30/238/1991^ROONRC.J30/238/1991^1084,2038^Sat Valea Vinului, Comuna Valea Vinului, Str. PRINCIPALA, Judet Satu Mare
GLOBUS COMPANY SRL^4037975^J30/687/1993^ROONRC.J30/687/1993^1084,2038,2068,2074,2103,2110,2112,2114^Municipiul Satu Mare, Str. DARA Nr. 31, Judet Satu Mare
BUCATARIA RECE SRL^7923984^J30/755/1995^ROONRC.J30/755/1995^1084,2038,2080,2110,2112,2114^Municipiul Satu Mare, B-dul CLOSCA, Bloc 20, Apartament PART, Judet Satu Mare
CRISTI & SILE SRL^9740630^J30/601/1997^ROONRC.J30/601/1997^1084,2076^Municipiul Satu Mare, Aleea CLABUCET Nr. 9, Apartament 42, Judet Satu Mare
SATEL COM SRL^10021906^J30/791/1997^ROONRC.J30/791/1997^1084,2038,2074,2103,2110,2112,2114^Municipiul Satu Mare, Cart. SATMAREL Nr. 196, Judet Satu Mare
CLAU & OVY CO SRL^9816224^J30/648/1997^ROONRC.J30/648/1997^1084,2038,2074,2103,2110,2112,2114^Municipiul Satu Mare, Str. VULTURULUI Nr. 7, Judet Satu Mare
YANEK SRL^9740649^J30/598/1997^ROONRC.J30/598/1997^1084,2080^Municipiul Satu Mare, Aleea CARITAS Nr. 3/5, Judet Satu Mare
PANIPAST 2003 SRL^14917438^J35/1573/2002^ROONRC.J35/1573/2002^1084,2038,2069,2074,2080,2103,2110,2112,2114^Municipiul Timisoara, Str. GHEORGHE LAZAR Nr. 26, Judet Timis
SAN PIETRO ROMANIA SRL^14558741^J35/489/2002^ROONRC.J35/489/2002^1050,1084,2080^Loc. Sannicolau Mare, Oras Sannicolau Mare, Str. DRUMUL MORII Nr. 9, Apartament 2, Judet Timis
PESIMCO SRL^14613765^J35/630/2002^ROONRC.J35/630/2002^1084,2038,2069,2074,2103,2110,2112,2114^Municipiul Timisoara, Str. TEXTILISTILOR Nr. 2, Bloc 45, Scara A, Etaj 2, Apartament 5, Judet Timis
MARVIN SRL^2388325^J30/1348/1992^ROONRC.J30/1348/1992^1084,2076^Municipiul Satu Mare, Aleea TIRNAVEI, Bloc 4, Apartament 89, Judet Satu Mare
EXCELENT SRL^2388015^J30/1349/1992^ROONRC.J30/1349/1992^1084,2038,2074,2103,2110,2112,2114^Municipiul Satu Mare, Str. GRIGORE URECHE Nr. 18, Judet Satu Mare
22 SRL^2388040^J30/1351/1992^ROONRC.J30/1351/1992^1084,2076^Municipiul Satu Mare, Str. DARIU POP Nr. 2, Judet Satu Mare
BERMER SRL^2388414^J30/1352/1992^ROONRC.J30/1352/1992^1084,2076^Municipiul Satu Mare, Str. MILENIULUI Nr. 15, Judet Satu Mare
BAC SRL^2388155^J30/1353/1992^ROONRC.J30/1353/1992^1084,2076^Municipiul Satu Mare, Str. MAL STING SOMES, Bloc T.1, Apartament 32, Judet Satu Mare
DRAGONUL SRL^2391002^J30/1354/1992^ROONRC.J30/1354/1992^1084,2038,2074,2103,2110,2112,2114^Sat Gherta Mica, Comuna Gherta Mica, Str. PRINCIPALA Nr. 548, Judet Satu Mare
BASED CONSULTING SRL^15262042^J35/539/2003^ROONRC.J35/539/2003^1084,2038,2080^Municipiul Timisoara, Aleea MARTIR ANDREI ISTVAN Nr. 6, Scara B, Etaj 3, Apartament 14, Judet Timis
KELE SRL^4377632^J30/629/1993^ROONRC.J30/629/1993^1084,2038,2074,2103,2110,2112,2114^Sat Piscolt, Comuna Piscolt, Str. PRINCIPALA Nr. 112, Judet Satu Mare
CORDOSEL SRL^4036937^J30/630/1993^ROONRC.J30/630/1993^1084,2038,2068,2074,2103,2110,2112,2114^Sat Bixad, Comuna Bixad, Str. PRINCIPALA Nr. 695, Judet Satu Mare
DAN V COM SRL^4036953^J30/631/1993^ROONRC.J30/631/1993^1084^Sat Certeze, Comuna Certeze Nr. 120, Judet Satu Mare
TIROLA SRL^3896089^J30/632/1993^ROONRC.J30/632/1993^1084,2038,2074,2103,2110,2112,2114^Sat Paulesti, Comuna Paulesti, Str. PRINCIPALA Nr. 83, Judet Satu Mare
PRESTARI SERVICII POP SRL^4037010^J30/633/1993^ROONRC.J30/633/1993^1084,2038,2074,2103,2110,2112,2114^Sat Vama, Comuna Vama, Str. PADURII Nr. 206, Judet Satu Mare
IRAS SRL^3963234^J30/634/1993^ROONRC.J30/634/1993^1084^Municipiul Satu Mare, P-ta 25 OCTOMBRIE, Bloc T.4, Apartament 32, Judet Satu Mare
HERCULES IMPEX SRL^4038156^J30/637/1993^ROONRC.J30/637/1993^1084,2038,2074,2103,2110,2112,2114^Municipiul Satu Mare, Str. MIHAI EMINESCU Nr. 2, Judet Satu Mare
FIRMA LISCA SRL^4073668^J30/638/1993^ROONRC.J30/638/1993^1084,2076^Sat Bixad, Comuna Bixad, Str. CIONCA Nr. 698, Judet Satu Mare
PRACTICONT SRL^6851375^J30/2070/1994^ROONRC.J30/2070/1994^1084,2076^Municipiul Satu Mare, Str. MIHAI VITEAZU Nr. 19, Apartament 17, Judet Satu Mare
KP SRL^6851367^J30/2071/1994^ROONRC.J30/2071/1994^1084,2038,2074,2103,2110,2112,2114^Municipiul Satu Mare, Str. CAREIULUI Nr. 2, Apartament 118, Judet Satu Mare
HELL LAVANA SRL^6851332^J30/2072/1994^ROONRC.J30/2072/1994^1084,2038,2074,2103,2110,2112,2114^Municipiul Satu Mare, Cart. UNIO, Bloc US.3, Apartament 37, Judet Satu Mare
BASTIAN SRL^6851200^J30/2073/1994^ROONRC.J30/2073/1994^1084,2038,2074,2080,2103,2110,2112,2114^Municipiul Satu Mare, B-dul LUCIAN BLAGA Nr. 26, Apartament 20, Judet Satu Mare
FIC SRL^6762847^J30/2075/1994^ROONRC.J30/2075/1994^1084,2038,2074,2076,2103,2110,2112,2114^Municipiul Satu Mare, Str. GANEA Nr. 48, Apartament 4, Judet Satu Mare
FD MONA SRL^6852028^J30/2076/1994^ROONRC.J30/2076/1994^1084,2076^Loc. Negresti-Oas, Oras Negresti-Oas, Str. 11 IUNIE Nr. 23, Judet Satu Mare
TORNADO M SRL^5112340^J30/76/1994^ROONRC.J30/76/1994^1084,2076^Municipiul Satu Mare, Str. LACRIMIOAREI Nr. 9, Judet Satu Mare
ALFA C SRL^5203618^J30/77/1994^ROONRC.J30/77/1994^1084,2076^Loc. Negresti-Oas, Oras Negresti-Oas, Str. VICTORIEI Nr. 178, Judet Satu Mare
MARTA NORA SRL^5820079^J30/78/1994^ROONRC.J30/78/1994^1084,2080^Municipiul Satu Mare, Str. B.P.HASDEU Nr. 20, Judet Satu Mare
GRUP DGA SRL^15416885^J35/1066/2003^ROONRC.J35/1066/2003^1084,2038,2074,2103,2110,2112,2114^Municipiul Timisoara, Str. RENASTERII Nr. 35, Judet Timis
C DOBRA SRL^10427808^J30/197/1998^ROONRC.J30/197/1998^1084,2038,2074,2103,2110,2112,2114^Sat Scarisoara Noua, Comuna Piscolt, Com. PISCOLT Nr. 206, Judet Satu Mare
AFRODITA SRL^2386685^J30/1427/1991^ROONRC.J30/1427/1991^1084,2038,2114^Municipiul Satu Mare, Str. MUNCITORILOR Nr. 3, Judet Satu Mare
BAMETAL SRL^640131^J30/1428/1991^ROONRC.J30/1428/1991^1084,2076^Municipiul Satu Mare, Str. SERELOR Nr. 11, Judet Satu Mare
TARA OASULUI IMPEX SRL^668787^J30/1429/1991^ROONRC.J30/1429/1991^1084,2076^Sat Certeze, Comuna Certeze, Str. PRINCIPALA Nr. 251, Judet Satu Mare
LARISA SRL^2385477^J30/1431/1991^ROONRC.J30/1431/1991^1084,2076^Municipiul Satu Mare, Str. STEFAN CEL MARE Nr. 1-3, Judet Satu Mare
UNISAM SRL^2386227^J30/1432/1991^ROONRC.J30/1432/1991^1084,2076^Municipiul Satu Mare, Str. STEFAN CEL MARE Nr. 1-3, Judet Satu Mare
LOZER I SI SZILAGYI ST SNC^647237^J30/1433/1991^ROONRC.J30/1433/1991^1084,2038,2074,2103,2110,2112,2114^Municipiul Satu Mare, Str. MIRON COSTIN Nr. 38, Judet Satu Mare
ARDELEAN SEBASTIAN GHEORGHE AF^672133^F30/249/1992^ROONRC.F30/249/1992^1084,2075^Sat Iegheriste, Comuna Crucisor, Str. PRINCIPALA Nr. 125, Judet Satu Mare
TORZ IOAN AF^3963129^F30/250/1992^ROONRC.F30/250/1992^1084,2075^Sat Boinesti, Comuna Bixad, Str. PRINCIPALA Nr. 157/B, Judet Satu Mare
DANI IOSIF ANDREI AF^666832^F30/251/1992^ROONRC.F30/251/1992^1084,2075^Sat Halmeu, Comuna Halmeu, Str. PRINCIPALA Nr. 67, Judet Satu Mare
ROJA FLOARE AF^664599^F30/252/1992^ROONRC.F30/252/1992^1084,2075^Loc. Negresti-Oas, Oras Negresti-Oas, Str. GAROAFELOR Nr. 30, Judet Satu Mare
BODAN VASILE PF^0^F30/253/1992^ROONRC.F30/253/1992^1084,2075^Sat Paulesti, Comuna Paulesti, Str. NOUA Nr. 281, Judet Satu Mare
SYSTEM V.P.R. SRL^14613773^J35/644/2002^ROONRC.J35/644/2002^1084,2038,2074,2080,2103,2110,2112,2114^Municipiul Timisoara, Str. CRAIOVA, Judet Timis
JURMESCU GHEORGHE AF^14555109^F35/78/2002^ROONRC.F35/78/2002^1084,2075^Municipiul Lugoj, Str. GHEORGHE BARITIU Nr. 6, Judet Timis
VARGA IOANA PF^2681129161729^F35/81/2002^ROONRC.F35/81/2002^1084,2075^Municipiul Timisoara, Str. PEPINIEREI Nr. 2, Scara A, Etaj 2, Apartament 10, Judet Timis
TOM FORREST SRL^14672745^J35/835/2002^ROONRC.J35/835/2002^1052,1074,1084,2080,2120^Sat Margina, Comuna Margina, Com. MARGINA Nr. 286, Judet Timis
VILA CORADY SRL^15431575^J35/1117/2003^ROONRC.J35/1117/2003^1052,1074,1084,2080,2120^Municipiul Lugoj, Str. JABARULUI Nr. 20, Judet Timis
NIKILEX IMPEX SRL^9786255^J30/635/1997^ROONRC.J30/635/1997^1084,2038,2080,2110,2112,2114^Municipiul Satu Mare, Str. BOTIZULUI Nr. 23, Judet Satu Mare
APAN DOMNICA AF^7595623^F30/121/1995^ROONRC.F30/121/1995^1084,2080^Loc. Livada, Oras Livada, Str. KOSUTH LAJOS Nr. 12, Judet Satu Mare
KRAMARICS IULIU PF^1661124301992^F30/122/1995^ROONRC.F30/122/1995^1084,2080^Municipiul Satu Mare, Str. IOAN GALLU Nr. 9, Judet Satu Mare
CSOKOR STEFAN AF^7736854^F30/124/1995^ROONRC.F30/124/1995^1084,2075^Municipiul Carei, Str. CIMITIRULUI Nr. 30, Judet Satu Mare
FEHER GAVRIL AF^7287003^F30/125/1995^ROONRC.F30/125/1995^1084,2075^Municipiul Satu Mare, Aleea TISA Nr. 3, Apartament 5, Judet Satu Mare
IONUT ELISABETA AF^7660306^F30/126/1995^ROONRC.F30/126/1995^1084,2075^Sat Iegheriste, Comuna Crucisor, Str. PRINCIPALA Nr. 141, Judet Satu Mare
PACURAR IOAN AF^6595200^F30/127/1995^ROONRC.F30/127/1995^1084,2080^Sat Acas, Comuna Acas, Str. MARE Nr. 135, Judet Satu Mare
POP IRINA AF^7520078^F30/128/1995^ROONRC.F30/128/1995^1084,2075^Sat Odoreu, Comuna Odoreu, Str. REPUBLICII Nr. 75, Judet Satu Mare
FRANCA ANDREI PERSOANA FIZICA AUTORIZATA^27825859^F35/1778/2010^ROONRC.F35/1778/2010^1084^Municipiul Timisoara, Calea URSENI Nr. 22, Judet Timis
DRUTA ADRIAN PERSOANA FIZICA AUTORIZATA^27836947^F35/1790/2010^ROONRC.F35/1790/2010^1084^Municipiul Timisoara, Str. NICOLAE LABIS, Bloc 4, Scara C, Judet Timis
CARTIER'S 2002 SRL^14653654^J35/795/2002^ROONRC.J35/795/2002^1052,1074,1084,2080,2120^Municipiul Timisoara, Calea TORONTALULUI Nr. 8, Etaj 5, Apartament 23, Judet Timis
KISS GHEORGHITA PERSOANA FIZICA AUTORIZATA^20044010^F35/139/2003^ROONRC.F35/139/2003^1084,2080^Municipiul Lugoj, Cart. STADION, Bloc 12, Scara A, Apartament 4, Judet Timis
VAVA ION PF^1300929354779^F35/303/2003^ROONRC.F35/303/2003^1084^Municipiul Timisoara, Str. CONSTANTIN CEL MARE, Bloc A34, Scara C, Apartament 6, Judet Timis
VIOREX COM SRL^8024366^J30/807/1995^ROONRC.J30/807/1995^1084,2076^Sat Calinesti-Oas, Comuna Calinesti-Oas, Str. BARAJULUI Nr. 222, Judet Satu Mare
DORLE PREST SRL^8024455^J30/808/1995^ROONRC.J30/808/1995^1084,2038,2074,2103,2110,2112,2114^Sat Lazuri, Comuna Lazuri, Str. PRINCIPALA Nr. 429, Judet Satu Mare
TASE SRL^8023735^J30/809/1995^ROONRC.J30/809/1995^1084,2038,2074,2081,2103,2110,2112,2114^Municipiul Satu Mare, Str. IOAN SLAVICI Nr. 41, Judet Satu Mare
WASHITTA SRL^8024560^J30/830/1995^ROONRC.J30/830/1995^1084,2076^Sat Babta, Comuna Bogdand, Str. PRINCIPALA Nr. 72, Judet Satu Mare
FABIO SAM SRL^8618300^J30/831/1995^ROONRC.J30/831/1995^1084,2038,2080,2112,2114^Municipiul Satu Mare, Str. CORVINILOR Nr. 14, Apartament 4, Judet Satu Mare
RADICAL CHANGE SRL^8104589^J30/833/1995^ROONRC.J30/833/1995^1084,2038,2074,2103,2110,2112,2114^Sat Babta, Comuna Bogdand, Str. PRINCIPALA Nr. 186, Judet Satu Mare
SCHONBERG SRL^8882327^J30/797/1996^ROONRC.J30/797/1996^1084,2076^Sat Tiream, Comuna Tiream, Str. CIORII Nr. 152, Judet Satu Mare
ADVOS SRL^8882068^J30/798/1996^ROONRC.J30/798/1996^1084^Municipiul Satu Mare, Str. AVRAM IANCU Nr. 45, Apartament 5, Judet Satu Mare
ROBINSON COM SRL^8882017^J30/799/1996^ROONRC.J30/799/1996^1084,2038,2069,2074,2080,2103,2110,2112,2114^Municipiul Satu Mare, Str. CALEA TRAIAN Nr. 18, Judet Satu Mare
SELECT COM IMPEX SRL^8882041^J30/800/1996^ROONRC.J30/800/1996^1084,2038,2074,2103,2110,2112,2114^Municipiul Satu Mare, Str. GANEA, Bloc CG.16, Apartament 7, Judet Satu Mare
ROMI FLOR SRL^8882033^J30/801/1996^ROONRC.J30/801/1996^1084,2038,2080,2112,2114^Municipiul Satu Mare, B-dul OCTAVIAN GOGA, Bloc 5, Apartament 14, Judet Satu Mare
DAN GEO SRL^3192440^J30/1563/1992^ROONRC.J30/1563/1992^1084,2076^Municipiul Satu Mare, Str. AVRAM IANCU Nr. 18, Judet Satu Mare
W.S.N. ROMANIA SRL^14897446^J35/1508/2002^ROONRC.J35/1508/2002^1084,2038,2074,2103,2110,2112,2114^Municipiul Timisoara, Str. CORIOLAN BREDICEANU Nr. 11, Etaj 2, Apartament 12, Judet Timis
ABUNDENTA SRL^15266036^J35/546/2003^ROONRC.J35/546/2003^1084,2038,2103,2110,2112,2114^Municipiul Timisoara, Str. MORARILOR, Judet Timis
GEORGIA EXIM SRL^10646751^J30/293/1998^ROONRC.J30/293/1998^1084,2038,2074,2103,2110,2112,2114^Municipiul Satu Mare, Str. DARIU POP, Bloc 45, Apartament 143, Judet Satu Mare
HUJA VASILE FIRICEL AF^8828875^F30/248/1996^ROONRC.F30/248/1996^1084,2075^Sat Tarsolt, Comuna Tarsolt, Str. PRINCIPALA Nr. 635, Judet Satu Mare
CIONCA IOAN AF^8539699^F30/249/1996^ROONRC.F30/249/1996^1084,2075^Sat Tarna Mare, Comuna Tarna Mare, Str. PRINCIPALA Nr. 283, Judet Satu Mare
NEUHOFF TIBERIU AF^5930390^F30/250/1996^ROONRC.F30/250/1996^1084,2075^Municipiul Carei, Str. 25 OCTOMBRIE Nr. 10, Judet Satu Mare
SHOCKING SISTEMS SRL^14791649^J35/1168/2002^ROONRC.J35/1168/2002^1084,2038,2069,2080,2103,2110,2112,2114^Municipiul Timisoara, Str. LUNEI Nr. 12, Bloc L29, Etaj P, Apartament 2, Judet Timis
TRIF MARICICA CLAUDIA PF^2770716353949^F35/172/2002^ROONRC.F35/172/2002^1084,2069,2075^Loc. Sannicolau Mare, Oras Sannicolau Mare, Str. 16 DECEMBRIE 1989 Nr. 2, Judet Timis
BOLINGHER SRL^8562500^J30/495/1996^ROONRC.J30/495/1996^1052,1074,1084,2038,2080,2112,2114,2120^Municipiul Satu Mare, Str. GANEA Nr. 42, Apartament 14, Judet Satu Mare
MATEX TRANS SRL^8562497^J30/496/1996^ROONRC.J30/496/1996^1084,2038,2080,2110,2112,2114^Municipiul Satu Mare, B-dul CLOSCA Nr. 95, Judet Satu Mare
TIPLEA COMPANY SRL^8562896^J30/497/1996^ROONRC.J30/497/1996^1084,2076^Sat Culciu Mare, Comuna Culciu, Str. PRINCIPALA Nr. 183, Judet Satu Mare
EMARDIANA SRL^8562489^J30/499/1996^ROONRC.J30/499/1996^1084,2038,2074,2080,2081,2103,2110,2112,2114^Municipiul Satu Mare, Str. GANEA, Bloc CG.28, Apartament 2, Judet Satu Mare
ELCHRIS SRL^8539540^J30/500/1996^ROONRC.J30/500/1996^1084,2038,2074,2103,2110,2112,2114^Municipiul Satu Mare, Str. OSTROVULUI Nr. 2A, Bloc 2A, Apartament 107, Judet Satu Mare
PASS IMPEX SRL^8588233^J30/501/1996^ROONRC.J30/501/1996^1084,2038,2074,2103,2110,2112,2114^Municipiul Satu Mare, B-dul INDEPENDENTEI Nr. 8, Bloc 8, Apartament 7, Judet Satu Mare
SPEED SRL^8618334^J30/502/1996^ROONRC.J30/502/1996^1084,2038,2074,2076,2103,2110,2112,2114^Municipiul Satu Mare, Aleea CLABUCET Nr. 11, Bloc 4, Apartament 91, Judet Satu Mare
EURO FANN SRL^8562535^J30/503/1996^ROONRC.J30/503/1996^1084,2038,2074,2103,2110,2112,2114^Municipiul Satu Mare, Str. PANSELUTEI Nr. 14, Judet Satu Mare
EVA SALON SRL^8782646^J30/690/1996^ROONRC.J30/690/1996^1084,2038,2074,2103,2110,2112,2114^Municipiul Satu Mare, Str. DORNA, Bloc CD.2, Apartament 2, Judet Satu Mare
CIUPAV ADRIAN PERSOANA FIZICA AUTORIZATA^28007963^F35/153/2011^ROONRC.F35/153/2011^1084^Municipiul Timisoara, Intr. DOINEI Nr. 3, Scara B, Etaj 2, Apartament 10, Judet Timis
ABELDA CONSULTING SRL^15084921^J35/2058/2002^ROONRC.J35/2058/2002^1084,2080^Loc. Jimbolia, Oras Jimbolia, Str. TIMISORII Nr. 63, Judet Timis
LOREBIA SRL^15064746^J35/2000/2002^ROONRC.J35/2000/2002^1084,2038,2074,2103,2110,2112,2114^Municipiul Timisoara, Str. LUNEI Nr. 49, Bloc L17, Scara B, Etaj P, Apartament 3, Judet Timis
PARTNERSHIP FOR FUTURE SRL^15350225^J35/839/2003^ROONRC.J35/839/2003^1084,2038,2069,2112,2114^Municipiul Timisoara, Str. MARASESTI Nr. 7, Etaj P, Judet Timis
COMP ITA'S SRL^14542311^J35/441/2002^ROONRC.J35/441/2002^1084,2080^Municipiul Timisoara, Str. BRANDUSEI Nr. 18, Scara B, Etaj 2, Apartament 11, Judet Timis
BISKUIT 2010 SRL^15130211^J35/83/2003^ROONRC.J35/83/2003^1084^Municipiul Timisoara, Calea MARTIRILOR 1989 Nr. 110/B, Judet Timis
TRITEX-IC SA^15407704^J35/1043/2003^ROONRC.J35/1043/2003^1049,1084,2065,2077,2080^Municipiul Timisoara, Str. GHEORGHE LAZAR Nr. 42, Judet Timis
IANCU RODICA-ALINA PF^2681003351068^F35/662/2002^ROONRC.F35/662/2002^1084,2075^Municipiul Timisoara, Calea MARESAL ION ANTONESCU Nr. 32, Scara B, Etaj 9, Apartament 37, Judet Timis
DIANA EXIM SRL^11038515^J30/480/1998^ROONRC.J30/480/1998^1052,1084,2038,2074,2080,2103,2110,2112,2114^Municipiul Satu Mare, Aleea UNIVERSULUI, Bloc B 14, Apartament 17, Judet Satu Mare
IUBIRE IMPEX SRL^10983510^J30/459/1998^ROONRC.J30/459/1998^1084^Municipiul Satu Mare, Str. MARA Nr. 32, Judet Satu Mare
KOZMA PROJEKT SRL^10983528^J30/457/1998^ROONRC.J30/457/1998^1084,2038,2074,2103,2110,2112,2114^Municipiul Satu Mare, Str. C. BRANCUSI Nr. 20, Judet Satu Mare
HELVETEX SRL^6446887^J30/455/1998^ROONRC.J30/455/1998^1084,2038,2074,2103,2110,2112,2114^Municipiul Carei, Calea ARMATEI ROMANE Nr. 79/A, Judet Satu Mare
TRANSMINES SRL^10983560^J30/458/1998^ROONRC.J30/458/1998^1084,2038,2074,2103,2110,2112,2114^Municipiul Satu Mare, Str. VASILE GOLDIS Nr. 4, Judet Satu Mare
ONAGRANA SRL^11008670^J30/468/1998^ROONRC.J30/468/1998^1084,2038,2074,2103,2110,2112,2114^Municipiul Satu Mare, B-dul MARESAL ION ANTONESCU Nr. 8, Apartament 9, Judet Satu Mare
MOCANU MONICA NICOLETA PF^2820727252091^F35/169/2003^ROONRC.F35/169/2003^1084^Municipiul Timisoara, Str. SILISTRA Nr. 9, Bloc A32, Etaj 3, Apartament 12, Judet Timis
M&G COMPANY SRL^9781770^J30/622/1997^ROONRC.J30/622/1997^1084,2076^Municipiul Satu Mare, Str. ASTRONAUTILOR Nr. 9, Apartament 10, Judet Satu Mare
STRATIS SRL^9757497^J30/606/1997^ROONRC.J30/606/1997^1084^Sat Botiz, Comuna Botiz, Str. NOROIENI Nr. 102, Judet Satu Mare
RARES IMPEX SRL^9866621^J30/684/1997^ROONRC.J30/684/1997^1084,2038,2074,2103,2110,2112,2114^Sat Solduba, Comuna Homoroade, Str. PRINCIPALA Nr. 19, Judet Satu Mare
FECSKE ADALBERT AF^0^F30/442/1991^ROONRC.F30/442/1991^1084,2075^Municipiul Satu Mare, Str. LUNCA SIGHET Nr. 2/A, Judet Satu Mare
DULA ENDRE AF^4832890^F30/443/1991^ROONRC.F30/443/1991^1084,2080^Municipiul Satu Mare, Str. BELSUGULUI, Bloc UB.8, Apartament 5, Judet Satu Mare
BERINDE DORINA AF^0^F30/444/1991^ROONRC.F30/444/1991^1084,2075^Loc. Negresti-Oas, Oras Negresti-Oas, Str. PIETII Nr. 4/A, Judet Satu Mare
ILUT GHEORGHE AF^0^F30/445/1991^ROONRC.F30/445/1991^1084,2075^Municipiul Satu Mare, Str. BASARABIA Nr. 15, Judet Satu Mare
ORHA ELENA AF^0^F30/446/1991^ROONRC.F30/446/1991^1084,2075^Municipiul Satu Mare, B-dul CLOSCA Nr. 59, Judet Satu Mare
STIRBU ADRIANA LAURA AF^0^F30/447/1991^ROONRC.F30/447/1991^1084,2075^Municipiul Carei, Str. MARASESTI Nr. 34, Judet Satu Mare
SANDOR GYULA PF^0^F30/448/1991^ROONRC.F30/448/1991^1084,2075^Municipiul Satu Mare, Str. PELICAN Nr. 7, Judet Satu Mare
POP IOAN PF^0^F30/449/1991^ROONRC.F30/449/1991^1084,2075^Sat Bixad, Comuna Bixad, Str. TOAMNEI Nr. 429, Judet Satu Mare
CIOCAN FLOARE AF^0^F30/450/1991^ROONRC.F30/450/1991^1084,2075^Sat Certeze, Comuna Certeze, Str. MARE Nr. 131, Judet Satu Mare
MAGOS GABRIELA AF^0^F30/451/1991^ROONRC.F30/451/1991^1084,2075^Municipiul Satu Mare, Str. FRATERNITATII Nr. 4/A, Judet Satu Mare
SPOT-LIGHT SRL^14672605^J35/842/2002^ROONRC.J35/842/2002^1084,2038,2074,2103,2110,2112,2114^Municipiul Timisoara, Str. LABIRINT Nr. 9, Scara D, Apartament 6, Judet Timis
BOLBOCA ILDIKO-EMESE PF^20022461^F35/93/2002^ROONRC.F35/93/2002^1084,2080^Municipiul Lugoj, Str. GHEORGHE DOJA Nr. 25, Judet Timis
SIR IMPEX SRL^9923980^J30/737/1997^ROONRC.J30/737/1997^1084,2038,2074,2103,2110,2112,2114^Municipiul Satu Mare, Str. ALECU RUSSO Nr. 16, Apartament 4, Judet Satu Mare
SATINVEST SA^10058069^J30/823/1997^ROONRC.J30/823/1997^1084,2038,2068,2074,2103,2110,2112,2114^Municipiul Satu Mare, Str. MARTIRILOR DEPORTATI Nr. 14, Apartament 6, Judet Satu Mare
SOLO COMPANY SRL^10080171^J30/2/1998^ROONRC.J30/2/1998^1084,2038,2074,2103,2110,2112,2114^Municipiul Satu Mare, Str. ASTRONAUTILOR, Bloc A.14, Apartament 2, Judet Satu Mare
SUPER ABC COMPUTER SRL^9904458^J30/718/1997^ROONRC.J30/718/1997^1084,2080^Loc. Negresti-Oas, Oras Negresti-Oas, Str. VICTORIEI, Bloc 23, Apartament 22, Judet Satu Mare
LUGODENA SRL^14768298^J35/1088/2002^ROONRC.J35/1088/2002^1084,2080^Municipiul Lugoj, Str. BUCEGI Nr. 3, Apartament 1B, Judet Timis
IOVANOV SRL^15028689^J35/1897/2002^ROONRC.J35/1897/2002^1084,2038,2112,2114^Municipiul Timisoara, Str. DR. IOAN MURESAN Nr. 41, Bloc 29, Scara A, Etaj 4, Apartament 17, Judet Timis
MUSANADA SRL^15022155^J35/1872/2002^ROONRC.J35/1872/2002^1052,1084,2038,2069,2103,2110,2112,2114^Municipiul Timisoara, P-ta. ARON COTRUS Nr. 3, Scara B, Etaj 2, Apartament 7, Judet Timis
RASEB SRL^15144306^J35/150/2003^ROONRC.J35/150/2003^1084,2069^Municipiul Timisoara, Calea DOROBANTILOR, Bloc NR.5, Scara C, Apartament 3, Judet Timis
OLY IMPEX SRL^6763010^J30/2290/1994^ROONRC.J30/2290/1994^1084,2038,2074,2103,2110,2112,2114^Municipiul Satu Mare, Aleea IPOTESTI Nr. 2, Bloc 17, Apartament 23, Judet Satu Mare
ROM KAYA SRL FILIALA SATU MARE^6902703^J30/2291/1994^ROONRC.J30/2291/1994^1084^Municipiul Satu Mare, Str. LACULUI Nr. 8, Judet Satu Mare
PRIMA 2000 SRL^10614431^J30/2292/1994^ROONRC.J30/2292/1994^1084,2069^Municipiul Satu Mare, Str. PARANGULUI Nr. 2, Judet Satu Mare
ALEXANDER SRL^6783300^J30/2294/1994^ROONRC.J30/2294/1994^1084,2076^Municipiul Satu Mare, Str. CERBULUI Nr. 16, Judet Satu Mare
VARGA CAROL KARCSI PF^0^F30/303/1991^ROONRC.F30/303/1991^1084,2075^Municipiul Satu Mare, B-dul INDEPENDENTEI, Bloc 59, Apartament 2, Judet Satu Mare
SARCA VIOREL AF^0^F30/304/1991^ROONRC.F30/304/1991^1084,2075^Loc. Negresti-Oas, Oras Negresti-Oas, Str. GEORGE COSBUC Nr. 93, Judet Satu Mare
MOIS PETRU PF^0^F30/306/1991^ROONRC.F30/306/1991^1084,2075^Sat Moiseni, Comuna Certeze, Str. PRINCIPALA Nr. 179, Judet Satu Mare
GYORGY ANITA ERZSEBET INTREPRINDERE INDIVIDUALA^670728^F30/307/1991^ROONRC.F30/307/1991^1084,2080^Sat Urziceni, Comuna Urziceni, Str. PRINCIPALA Nr. 252, Judet Satu Mare
FEIER TOADER AF^0^F30/308/1991^ROONRC.F30/308/1991^1084,2075^Sat Racsa, Comuna Racsa, Str. AVRAMENI Nr. 425, Judet Satu Mare
STRATI VASILE AF^3736886^F30/309/1991^ROONRC.F30/309/1991^1084^Sat Tiream, Comuna Tiream, Str. PRINCIPALA Nr. 545, Judet Satu Mare
PINTEA LUCIA AF^0^F30/310/1991^ROONRC.F30/310/1991^1084,2075^Municipiul Satu Mare, Aleea OITUZ, Bloc 7, Apartament 13, Judet Satu Mare
ZEFFER GABRIELA AF^660392^F30/311/1991^ROONRC.F30/311/1991^1084,2075^Municipiul Carei, Calea ARMATA ROMANA Nr. 14, Judet Satu Mare
QUALITRON SRL^646460^J30/740/1991^ROONRC.J30/740/1991^1084,2038,2074,2103,2110,2112,2114^Municipiul Satu Mare, Aleea PROIECTANTULUI, Apartament 17, Judet Satu Mare
BORA ILDIKO AF^655329^F30/176/1992^ROONRC.F30/176/1992^1084,2075^Municipiul Satu Mare, Aleea MURES Nr. 5, Apartament 29, Judet Satu Mare
VITZ ANTON PF^4037606^F30/178/1992^ROONRC.F30/178/1992^1084,2075^Municipiul Satu Mare, Str. PRUTULUI Nr. 4, Judet Satu Mare
TEX STAR SRL^2830043^J30/1508/1992^ROONRC.J30/1508/1992^1083,1084,2038,2074,2103,2110,2112,2114^Loc. Negresti-Oas, Oras Negresti-Oas, Str. MOTILOR Nr. 24, Judet Satu Mare
TRICO TOP SRL^2389266^J30/1509/1992^ROONRC.J30/1509/1992^1084,2038,2080,2112,2114^Municipiul Satu Mare, Str. TITU MAIORESCU Nr. 23, Judet Satu Mare
VIDEO AKTUELL SRL^2829189^J30/1512/1992^ROONRC.J30/1512/1992^1084,2076^Municipiul Satu Mare, B-dul MARESAL I.ANTONESCU, Bloc T.2, Apartament 31, Judet Satu Mare
MULLER FRANCISC AF^10684291^F30/200/1998^ROONRC.F30/200/1998^1084,2080^Municipiul Satu Mare, Str. CLOSCA Nr. 109, Judet Satu Mare
MANTA MARIUS AF^0^F30/201/1998^ROONRC.F30/201/1998^1084,2075^Municipiul Satu Mare, Str. L.BLAGA, Bloc U 22, Apartament 18, Judet Satu Mare
T.A.S. HEIGL SRL^15150340^J35/164/2003^ROONRC.J35/164/2003^1084^Municipiul Timisoara, Str. CHIMISTILOR Nr. 2, PARTER IN CLADIREA ADMINISTRATIVA - 1 BIROU, Judet Timis
KORODI MARIANA FLORICA AF^8828573^F30/195/1996^ROONRC.F30/195/1996^1084,2075^Municipiul Satu Mare, Str. MACINULUI Nr. 26, Judet Satu Mare
BALE RODICA AF^7503255^F30/196/1996^ROONRC.F30/196/1996^1084,2075^Municipiul Satu Mare, Str. CAREIULUI Nr. 2, Apartament 96, Judet Satu Mare
HARDUT MIRELA - LENUTA PERSOANA FIZICA AUTORIZATA^28709194^F35/962/2011^ROONRC.F35/962/2011^1084,2069^Municipiul Timisoara, Str. LUCEAFARUL Nr. 9-11, Scara A, Etaj 3, Apartament 30, Judet Timis
COM LEON SRL^7266876^J30/235/1995^ROONRC.J30/235/1995^1084,2038,2074,2103,2110,2112,2114^Sat Pomi, Comuna Pomi, Str. PRINCIPALA Nr. 51, Judet Satu Mare
CIZO SRL^7266566^J30/236/1995^ROONRC.J30/236/1995^1084,2076^Loc. Negresti-Oas, Oras Negresti-Oas, Str. VIITORULUI Nr. 13/A, Judet Satu Mare
FERRO COM SRL^7266760^J30/237/1995^ROONRC.J30/237/1995^1084,2038,2080,2112,2114^Loc. Livada, Oras Livada, Str. NICOLAE BALCESCU Nr. 18, Judet Satu Mare
FACHETTI IMPEX SRL^8340709^J30/147/1996^ROONRC.J30/147/1996^1084,2076^Municipiul Satu Mare, P-ta 25 OCTOMBRIE Nr. 9, Apartament 16, Judet Satu Mare
LITERA SRL^8406145^J30/148/1996^ROONRC.J30/148/1996^1052,1074,1084,2080^Municipiul Carei, Str. DECEBAL Nr. 5, Apartament 12, Judet Satu Mare
BUM POL SRL^8194867^J30/149/1996^ROONRC.J30/149/1996^1084,2038,2080,2112,2114^Sat Botiz, Comuna Botiz, Str. MIORITEI Nr. 66, Judet Satu Mare
DETTI TAX SRL^8152411^J30/150/1996^ROONRC.J30/150/1996^1084,2038,2103,2110,2112,2114^Municipiul Satu Mare, Str. FERASTRAU Nr. 18, Judet Satu Mare
SUNITA COM SRL^8153425^J30/151/1996^ROONRC.J30/151/1996^1084,2076^Loc. Negresti-Oas, Oras Negresti-Oas, Str. CORNETULUI Nr. 14, Judet Satu Mare
TELSAM SRL^8194310^J30/152/1996^ROONRC.J30/152/1996^1084,2038,2074,2103,2110,2112,2114^Municipiul Satu Mare, Str. ZENIT Nr. 6, Apartament 5, Judet Satu Mare
PLOPILOR COM SRL^8246699^J30/153/1996^ROONRC.J30/153/1996^1074,1084,1113,2078,2080,2120^Sat Odoreu, Comuna Odoreu, Str. PLOPILOR Nr. 53, Judet Satu Mare
FIRSTENERGY SRL^28385802^J35/935/2011^ROONRC.J35/935/2011^1052,1084^Municipiul Timisoara, Str. EUGENIU DE SAVOYA Nr. 11, Etaj P, Apartament 5/A/I, Judet Timis
IORGOVAN-CORNEA IOANA INTREPRINDERE INDIVIDUALA^28415695^F35/655/2011^ROONRC.F35/655/2011^1084^Municipiul Lugoj, Str. RARAU Nr. 29, Judet Timis
AGRI DIANDRIS SRL^15840626^J35/2482/2003^ROONRC.J35/2482/2003^1052,1084,2080^Municipiul Timisoara, Intr. SUNETULUI Nr. 3, Bloc 219, Etaj 2, Apartament 12, Judet Timis
COSTY PLAST SRL^15851625^J35/2503/2003^ROONRC.J35/2503/2003^1084,2038,2080,2114^Municipiul Timisoara, Str. PROGRESUL Nr. 7, Judet Timis
CDP OAS SRL^2826360^J30/127/1991^ROONRC.J30/127/1991^1084,2076^Loc. Negresti-Oas, Oras Negresti-Oas, Str. TURULUI Nr. 4, Judet Satu Mare
ROMAN SRL^643057^J30/129/1991^ROONRC.J30/129/1991^1084,2038,2074,2103,2110,2112,2114^Municipiul Satu Mare, Str. CORVINILOR Nr. 81, Judet Satu Mare
MUNROT COMPANY SRL^15220012^J35/375/2003^ROONRC.J35/375/2003^1052,1084,2069^Municipiul Timisoara, Intr. MARTIR ANTON FLORIAN, Bloc C22, Etaj P, Apartament 3, Judet Timis
MUNVES COMPANY SRL^15220497^J35/387/2003^ROONRC.J35/387/2003^1052,1084,2069^Municipiul Timisoara, Intr. MARTIR ANTON FLORIAN, Bloc C22, Etaj P, Apartament 3, Judet Timis
ADRIA TEX SRL^15679016^J35/1888/2003^ROONRC.J35/1888/2003^1084,2038,2069,2080^Municipiul Timisoara, B-dul DAMBOVITA  (SPATIU COMERCIAL.2) Nr. 53, Etaj P, Judet Timis
SIMON & WALTER SRL^15597412^J35/1647/2003^ROONRC.J35/1647/2003^1084,2038,2080^Municipiul Timisoara, Str. BUJORILOR Nr. 7/A, Etaj 7, Apartament 32, Judet Timis
GLAVA SIMON PERSOANA FIZICA AUTORIZATA^20099546^F35/190/2003^ROONRC.F35/190/2003^1084,2080^Sat Manastiur, Comuna Manastiur Nr. 182, Judet Timis
COSA-DAMSA DORINA-ELISAVETA PERSOANA FIZICA AUTORIZATA^20982414^F35/199/2003^ROONRC.F35/199/2003^1084^Sat Begheiu Mic, Oras Faget Nr. 15, Judet Timis
LUCICA EXIM CO SRL^5608565^J30/515/1994^ROONRC.J30/515/1994^1084,2076^Sat Bixad, Comuna Bixad, Str. PRINCIPALA Nr. 987, Judet Satu Mare
ANGHELESCU TOUR SRL^27976231^J35/214/2011^ROONRC.J35/214/2011^1084^Municipiul Timisoara, Str. PETRE OLARIU Nr. 16, Bloc 121, Scara B, Apartament 8, Judet Timis
LINU M. MANAGEMENT PERSOANA FIZICA AUTORIZATA^27891607^F35/30/2011^ROONRC.F35/30/2011^1084^Municipiul Timisoara, Calea SAGULUI Nr. 20, Judet Timis
TARAU GABRIELA MARINELA AF^14584694^F35/96/2002^ROONRC.F35/96/2002^1084,2075^Sat Periam, Comuna Periam, PERIAM Nr. 808/A, Judet Timis
E1 PRIMO SRL^3569362^J30/298/1993^ROONRC.J30/298/1993^1084,2076^Municipiul Satu Mare, Str. GANEA, Bloc CG.40, Apartament 7, Judet Satu Mare
HUSENITA ALEXANDRU PERSOANA FIZICA AUTORIZATA^28358190^F35/596/2011^ROONRC.F35/596/2011^1084^Municipiul Timisoara, Str. GHEORGHE DOJA Nr. 19, Judet Timis
LASAN IOAN AF^2391274^F30/2/1996^ROONRC.F30/2/1996^1084,2075,2080^Sat Dindesti, Comuna Andrid, Str. PRINCIPALA Nr. 335, Judet Satu Mare
LUP EMESE AF^4037665^F30/3/1996^ROONRC.F30/3/1996^1084,2075^Municipiul Satu Mare, Str. ODOBESCU Nr. 35/A, Judet Satu Mare
MESING SRL^3659082^J30/346/1993^ROONRC.J30/346/1993^1084,2038,2074,2103,2110,2112,2114^Municipiul Satu Mare, Str. JOCULUI, Bloc UJ.7, Apartament 5, Judet Satu Mare
ANDRA LG SRL^3659074^J30/347/1993^ROONRC.J30/347/1993^1049,1052,1074,1084,2080,2120^Municipiul Satu Mare, B-dul LUCIAN BLAGA Nr. 103, Judet Satu Mare
CRISS PRODEX SRL^3659317^J30/349/1993^ROONRC.J30/349/1993^1084,2038,2074,2103,2110,2112,2114^Municipiul Satu Mare, Str. CAREIULUI Nr. 32, Bloc 10, Apartament 2, Judet Satu Mare
HICIANU SRL^3658052^J30/350/1993^ROONRC.J30/350/1993^1084,2076^Loc. Negresti-Oas, Oras Negresti-Oas, Str. LIVEZILOR Nr. 85, Judet Satu Mare
MM ANDEZIT SRL^668450^J30/346/1991^ROONRC.J30/346/1991^1084,2038,2080,2097^Sat Gherta Mica, Comuna Gherta Mica, Str. COPIELEASCA Nr. 487, Judet Satu Mare
ALADIN SRL^642310^J30/347/1991^ROONRC.J30/347/1991^1084,2076^Municipiul Satu Mare, Calea ODOREULUI Nr. 20, Judet Satu Mare
IMPULS SRL^644745^J30/348/1991^ROONRC.J30/348/1991^1084,2038,2074,2103,2110,2112,2114^Municipiul Satu Mare, Str. AVIATORILOR Nr. 4, Judet Satu Mare
ZOTMAR SRL^3193194^J30/349/1991^ROONRC.J30/349/1991^1084,2076^Municipiul Satu Mare, Str. CAREI Nr. 166, Judet Satu Mare
M&B SRL^644575^J30/350/1991^ROONRC.J30/350/1991^1084,2038,2074,2103,2110,2112,2114^Municipiul Satu Mare, Str. AUREL POPP Nr. 12, Judet Satu Mare
FELY SRL^660449^J30/351/1991^ROONRC.J30/351/1991^1084,2038,2068,2076,2103,2110,2112,2114^Municipiul Carei, Str. CUZA VODA Nr. 21, Judet Satu Mare
MITI SRL^3358799^J30/352/1991^ROONRC.J30/352/1991^1084,2076^Municipiul Satu Mare, B-dul LUCIAN BLAGA Nr. 66, Judet Satu Mare
SERVICE CF IND SRL^640123^J30/353/1991^ROONRC.J30/353/1991^1084,2038,2074,2103,2110,2112,2114^Municipiul Satu Mare, Str. AVANTULUI, Apartament 19, Judet Satu Mare
DATASOFT SRL^643642^J30/356/1991^ROONRC.J30/356/1991^1084,2076^Municipiul Satu Mare, Str. IOAN SLAVICI Nr. 29/A, Judet Satu Mare
AVIS SRL^2387664^J30/1270/1993^ROONRC.J30/1270/1993^1084,2038,2074,2103,2110,2112,2114^Sat Urziceni, Comuna Urziceni, Str. PRINCIPALA Nr. 168, Judet Satu Mare
BIG COMPLEX SRL^4930120^J30/1271/1993^ROONRC.J30/1271/1993^1084,2038,2081,2103,2110,2112,2114^Loc. Negresti-Oas, Oras Negresti-Oas, Str. VICTORIEI Nr. 91/A, Judet Satu Mare
RALUCA COM SRL^4833054^J30/1273/1993^ROONRC.J30/1273/1993^1084,2038,2074,2103,2110,2112,2114^Municipiul Carei, Str. RAPSODIEI Nr. 17, Judet Satu Mare
BOND PROIECT SRL^15077762^J35/2032/2002^ROONRC.J35/2032/2002^1052,1084,2080^Municipiul Timisoara, B-dul REVOLUTIEI DIN 1989 Nr. 7, Etaj 2, Apartament 6, Judet Timis
MIDAVFARM SRL^15122570^J35/31/2003^ROONRC.J35/31/2003^1084^Sat Fardea, Comuna Fardea, Com. FARDEA Nr. 65/A, Judet Timis
WEST GOLD IFN SRL^15251973^J35/494/2003^ROONRC.J35/494/2003^1084,2038,2080,2114^Municipiul Timisoara, Calea MARESAL ION ANTONESCU Nr. 88, Judet Timis
VICTOR ELECTRONICS SRL^15119728^J35/20/2003^ROONRC.J35/20/2003^1052,1084,2038,2069,2103,2110,2112,2114^Municipiul Timisoara, B-dul CONSTANTIN BRANCOVEANU Nr. 123, Judet Timis
ARTISSAN SRL^15114470^J35/12/2003^ROONRC.J35/12/2003^1084,2038,2069,2080^Municipiul Timisoara, Str. TELEGRAFULUI Nr. 46, Apartament 4, Judet Timis
GEO-MEDELIN SRL^15867982^J35/2544/2003^ROONRC.J35/2544/2003^1052,1084,2069,2080^Municipiul Timisoara, Str. MARESAL ALEXANDRU AVERESCU Nr. 76, Judet Timis
ZITAKER SRL^14584686^J35/555/2002^ROONRC.J35/555/2002^1052,1084,2080^Sat Cherestur, Comuna Beba Veche, Com. BEBA VECHE Nr. 197, Judet Timis
ROSONI SRL^14248538^J35/1168/2001^ROONRC.J35/1168/2001^1084,2038,2053,2103,2112,2114^Sat Izvin, Oras Recas, LOC. IZVIN Nr. 157, Judet Timis
MIHALCA GAVRIL AF^8562780^F30/57/1997^ROONRC.F30/57/1997^1084,2075^Sat Tarna Mare, Comuna Tarna Mare, Str. PRINCIPALA Nr. 260, Judet Satu Mare
BUZDUGAN SRL^4625851^J30/869/1993^ROONRC.J30/869/1993^1084,2038,2074,2103,2110,2112,2114^Loc. Negresti-Oas, Oras Negresti-Oas, Str. T. VLADIMIRESCU Nr. 38, Judet Satu Mare
AGROS TECH SRL^4184437^J30/870/1993^ROONRC.J30/870/1993^1084,2038,2068,2074,2103,2110,2112,2114^Municipiul Satu Mare, B-dul CLOSCA Nr. 93, Judet Satu Mare
DAMARIS SRL^4246629^J30/871/1993^ROONRC.J30/871/1993^1084,2038,2074,2080,2103,2110,2112,2114^Municipiul Satu Mare, Str. LUCEAFARULUI Nr. 15, Judet Satu Mare
HALASZ SRL^4376416^J30/872/1993^ROONRC.J30/872/1993^1084,2076^Municipiul Satu Mare, B-dul LUCIAN BLAGA, Bloc CU.32, Apartament 10, Judet Satu Mare
AL PADRINO COMERCIAL SRL FILIALA SATU MARE^0^J30/873/1993^ROONRC.J30/873/1993^1084^Sat Doba, Comuna Doba, Str. PRINCIPALA, Judet Satu Mare
VERA P SRL^8918552^J30/874/1993^ROONRC.J30/874/1993^1084,2038,2080,2114^Municipiul Satu Mare, Str. BOTIZULUI Nr. 33, Judet Satu Mare
PRUNE FRUCT SRL^4376246^J30/875/1993^ROONRC.J30/875/1993^1084,2038,2068,2074,2103,2110,2112,2114^Municipiul Satu Mare, Str. LAZARULUI Nr. 61/A, Judet Satu Mare
PETRIN VALERICA PF^2661103250018^F35/300/2002^ROONRC.F35/300/2002^1084,2075^Municipiul Timisoara, Str. ORSOVA Nr. 11, Scara A, Etaj 2, Apartament 6, Judet Timis
VASIU & ASOCIATII SRL^15296932^J35/656/2003^ROONRC.J35/656/2003^1084,2038,2071,2080^Municipiul Timisoara, Str. PLAUTIUS ANDRONESCU (MEZANIN) Nr. 10, Apartament 2, Judet Timis
SZIGETHI SRL^10133284^J30/24/1998^ROONRC.J30/24/1998^1052,1084,2080^Municipiul Satu Mare, Str. CRISULUI, Bloc UC6, Apartament 3, Judet Satu Mare
MAJTENYI SRL^5319656^J30/331/1994^ROONRC.J30/331/1994^1084,2076^Municipiul Satu Mare, Aleea CLABUCET, Bloc 3, Apartament 21, Judet Satu Mare
FRAM SERVICE SRL^5319648^J30/332/1994^ROONRC.J30/332/1994^1084,2038,2074,2081,2103,2110,2112,2114^Loc. Negresti-Oas, Oras Negresti-Oas, Str. VRATICEL Nr. 101, Judet Satu Mare
TOMI TRANS SRL^5279721^J30/333/1994^ROONRC.J30/333/1994^1084,2076^Municipiul Carei, Str. CAMIN, Judet Satu Mare
RADION SRL^5376821^J30/334/1994^ROONRC.J30/334/1994^1084,2038,2074,2081,2103,2110,2112,2114^Municipiul Satu Mare, Str. CRASNA Nr. 10, Judet Satu Mare
FORTUNA COM SRL^5320065^J30/335/1994^ROONRC.J30/335/1994^1084,2076^Loc. Negresti-Oas, Oras Negresti-Oas, Str. VICTORIEI, Bloc 27, Apartament 7, Judet Satu Mare
STEU CONFECT GM SRL^5319508^J30/337/1994^ROONRC.J30/337/1994^1084,2076^Municipiul Satu Mare, Str. PRAHOVA Nr. 24, Apartament 21, Judet Satu Mare
TITA SRL^5319516^J30/338/1994^ROONRC.J30/338/1994^1084,2038,2074,2103,2110,2112,2114^Municipiul Satu Mare, Str. ARON PUMNUL Nr. 12, Judet Satu Mare
DIAS COM SRL^5320090^J30/339/1994^ROONRC.J30/339/1994^1084,2076^Loc. Negresti-Oas, Oras Negresti-Oas, Str. VICTORIEI, Bloc 32, Apartament 6, Judet Satu Mare
DG MARIANA SRL^5491022^J30/340/1994^ROONRC.J30/340/1994^1084^Sat Certeze, Comuna Certeze, Str. SCOLII Nr. 800, Judet Satu Mare
BOBITA SRL^5490981^J30/341/1994^ROONRC.J30/341/1994^1084,2076^Sat Moiseni, Comuna Certeze, Str. PRINCIPALA Nr. 117, Judet Satu Mare
PETO SRL^5490191^J30/569/1994^ROONRC.J30/569/1994^1084,2076^Municipiul Satu Mare, Str. PORUMBESCU Nr. 45/A, Judet Satu Mare
CIUPAC VASILE AF^11505505^F30/134/1999^ROONRC.F30/134/1999^1084,2075,2080^Municipiul Satu Mare, Str. ODOREULUI Nr. 46/A, Judet Satu Mare
DOHI JENO AF^5887419^F30/133/1999^ROONRC.F30/133/1999^1084,2075^Sat Remetea Oasului, Comuna Orasu Nou, Str. PRINCIPALA Nr. 27, Judet Satu Mare
ULICI IMPEX SRL^8882092^J30/809/1996^ROONRC.J30/809/1996^1084,2038,2074,2103,2110,2112,2114^Municipiul Satu Mare, Str. PRAHOVA Nr. 30, Apartament 33, Judet Satu Mare
FACTORY IMPEX SRL^8882106^J30/810/1996^ROONRC.J30/810/1996^1084,2076^Municipiul Satu Mare, Aleea MIRCESTI Nr. 8, Apartament 13, Judet Satu Mare
PANAROM CO SRL^8918218^J30/811/1996^ROONRC.J30/811/1996^1084,2076^Municipiul Satu Mare, Aleea MIRCESTI Nr. 8, Apartament 9, Judet Satu Mare
IANCU JANINA PERSOANA FIZICA AUTORIZATA^28558474^F35/817/2011^ROONRC.F35/817/2011^1084^Municipiul Timisoara, Aleea CRISTALULUI Nr. 3, Bloc 74, Scara C2, Etaj 6, Apartament 23, Judet Timis
CYPA STUDIO SRL^29155119^J35/2127/2011^ROONRC.J35/2127/2011^1052,1084^Municipiul Timisoara, Str. DRUBETA Nr. 88, Judet Timis
IACOB ELEN SRL^5963583^J30/1101/1994^ROONRC.J30/1101/1994^1084,2038,2074,2103,2110,2112,2114^Sat Calinesti-Oas, Comuna Calinesti-Oas, Str. PRINCIPALA Nr. 319, Judet Satu Mare
COSANCA SRL^6019363^J30/1103/1994^ROONRC.J30/1103/1994^1084,2076^Municipiul Satu Mare, B-dul INDEPENDENTEI, Bloc UH.4, Apartament 20, Judet Satu Mare
TELALINVEST SRL^14207686^J35/984/2001^ROONRC.J35/984/2001^1084,2038,2068,2074,2103,2110,2112,2114^Municipiul Timisoara, Calea MARESAL ION ANTONESCU Nr. 83, Judet Timis
WEST STRAJA SRL^14734031^J35/992/2002^ROONRC.J35/992/2002^1084,2038,2069,2112,2114^Municipiul Timisoara, Str. CIRCUMVALATIUNII Nr. 20, Apartament 3, Judet Timis
DAB SRL^15175930^J35/249/2003^ROONRC.J35/249/2003^1052,1084,2080^Municipiul Timisoara, Calea MARTIRILOR 1989 Nr. 80, Apartament 28, Judet Timis
V 2 R MOBILE SOLUTIONS SRL^15446541^J35/1207/2003^ROONRC.J35/1207/2003^1052,1074,1084,2080,2120^Municipiul Timisoara, Calea SAGULUI Nr. 85, Bloc 11, Scara G, Etaj 7, Apartament 30, Judet Timis
HUNIBEX SRL^15610945^J35/1681/2003^ROONRC.J35/1681/2003^1084,2038,2069,2103,2110,2112,2114^Municipiul Timisoara, Str. MILOIA Nr. 51, Scara B, Etaj P, Apartament 3, Judet Timis
MAZILU OVIDIU PF^1680710113709^F35/726/2003^ROONRC.F35/726/2003^1084^Municipiul Timisoara, Str. LISABONA Nr. 7/3, Scara C, Etaj 2, Apartament 11, Judet Timis
INVESTICON SRL^5034063^J35/2877/2003^ROONRC.J35/2877/2003^1050,1084,2080^Municipiul Timisoara, Str. CORIOLAN BREDICEANU Nr. 10, CITY BUSINESS CENTRE, CLADIREA C, CAMERA C.6.1, BIROUL NR.5, Etaj 6, Judet Timis
PROD PAN SRL^5279357^J30/313/1994^ROONRC.J30/313/1994^1052,1074,1084,2080,2120^Municipiul Satu Mare, Str. LAZURI Nr. 5, Judet Satu Mare
ESKIMO COMPANY SRL^5279284^J30/314/1994^ROONRC.J30/314/1994^1084,2038,2074,2103,2110,2112,2114^Municipiul Satu Mare, Str. AMATULUI Nr. 36, Judet Satu Mare
FIFTI FIFTI SRL^5319435^J30/315/1994^ROONRC.J30/315/1994^1084,2076^Municipiul Satu Mare, Str. FINTINELE, Bloc CF.30, Apartament 5, Judet Satu Mare
TRANS STAR SRL^5378350^J30/316/1994^ROONRC.J30/316/1994^1084,2038,2074,2080,2103,2110,2112,2114^Sat Paulesti, Comuna Paulesti, Str. TRANDAFIRILOR Nr. 3, Judet Satu Mare
WOTTAN IMPORT EXPORT SRL^5319311^J30/317/1994^ROONRC.J30/317/1994^1084,2076^Municipiul Satu Mare, Str. BOTIZULUI, Bloc 61, Apartament 22, Judet Satu Mare
LEGOFRUCT SRL^5319397^J30/318/1994^ROONRC.J30/318/1994^1084,2038,2074,2076,2103,2110,2112,2114^Municipiul Satu Mare, B-dul SANATATII, Bloc K.9, Apartament 2, Judet Satu Mare
CIORBA SRL^5320138^J30/321/1994^ROONRC.J30/321/1994^1084,2076^Sat Comlausa, Comuna Batarci, Str. SCOLII Nr. 259, Judet Satu Mare
HAERTECHNIK BANAT SRL^28501591^J35/1193/2011^ROONRC.J35/1193/2011^1052,1084,2080^Sat Periam, Comuna Periam, Str. ARTARULUI Nr. 30, Judet Timis
IANCUTI LUCIAN ALIN PERSOANA FIZICA AUTORIZATA^28421883^F35/658/2011^ROONRC.F35/658/2011^1084,2080^Sat Sacosu Turcesc, Comuna Sacosu Turcesc Nr. 220, Judet Timis
CARBOTIM SRL^15206778^J35/347/2003^ROONRC.J35/347/2003^1084,2038,2074,2103,2110,2112,2114^Municipiul Timisoara, Aleea MINIS Nr. 3, Scara A, Etaj 4, Apartament 13, Judet Timis
VASIMET SRL^15240257^J35/455/2003^ROONRC.J35/455/2003^1084,2038,2074,2103,2110,2112,2114^Municipiul Timisoara, Str. TUDOR VLADIMIRESCU Nr. 21, Apartament 2, Judet Timis
IMAGO SRL^15434393^J35/1136/2003^ROONRC.J35/1136/2003^1084,2038,2069,2080,2114^Municipiul Timisoara, Str. PAN HALIPA, Bloc A11, Etaj 4, Apartament 17, Judet Timis
SPECIAL DAY SRL^15238168^J35/446/2003^ROONRC.J35/446/2003^1084,2038,2110,2112,2114^Municipiul Timisoara, Calea MARTIRILOR 1989 Nr. 21, Scara C, Etaj 2, Apartament 11, Judet Timis
DIANA SZEP SRL^14939908^J35/1625/2002^ROONRC.J35/1625/2002^1084,2080^Municipiul Lugoj, Str. JABARULUI Nr. 82, Judet Timis
ALEX COMPANY SRL^644044^J30/51/1992^ROONRC.J30/51/1992^1052,1084,2080^Municipiul Satu Mare, Aleea PROIECTANTULUI, Bloc 11, Apartament 5, Judet Satu Mare
ELBO PRODIMPEX SRL^665276^J30/53/1992^ROONRC.J30/53/1992^1084,2076^Loc. Tasnad, Oras Tasnad, Str. TRANDAFILOR Nr. 10, Judet Satu Mare
COV-FOREST SRL^14892970^J35/1499/2002^ROONRC.J35/1499/2002^1084^Sat Nadrag, Comuna Nadrag, Str. OTELARILOR, Bloc 4, Scara B, Apartament 4, Judet Timis
COV-CRIS SRL^14929548^J35/1607/2002^ROONRC.J35/1607/2002^1084^Sat Boldur, Comuna Boldur Nr. 154, Judet Timis
STANCIU DIMITRIE-VIOREL PF^1551006352620^F35/233/2002^ROONRC.F35/233/2002^1084,2069^Municipiul Lugoj, Str. SMIRDAN Nr. 22, Judet Timis
BEL ALEXANDRU PF^1601217354721^F35/258/2002^ROONRC.F35/258/2002^1084,2075^Municipiul Timisoara, Str. ALBINELOR Nr. 63, Judet Timis
BETEA PETRU PF^0^F30/408/1991^ROONRC.F30/408/1991^1084,2075^Sat Racsa, Comuna Racsa, Str. PRINCIPALA Nr. 364/B, Judet Satu Mare
SIRGHER PAUL PF^0^F30/409/1991^ROONRC.F30/409/1991^1084,2075^Municipiul Satu Mare, Str. FINTINELEI, Bloc CF.6, Apartament 13, Judet Satu Mare
TOPE VASILE AF^0^F30/410/1991^ROONRC.F30/410/1991^1084,2075^Loc. Negresti-Oas, Oras Negresti-Oas, Str. SAT TUR Nr. 539, Judet Satu Mare
GHELE SIMION AF^0^F30/411/1991^ROONRC.F30/411/1991^1084,2075^Sat Bixad, Comuna Bixad, Str. PRINCIPALA Nr. 883, Judet Satu Mare
HUBERTUS PROD SRL^6685906^J30/1955/1994^ROONRC.J30/1955/1994^1084,2038,2074,2081,2103,2110,2112,2114^Sat Vama, Comuna Vama, Str. MIHAI EMINESCU Nr. 301, Judet Satu Mare
SAD SRL^6782690^J30/1956/1994^ROONRC.J30/1956/1994^1084,2076^Municipiul Satu Mare, Str. DIANA Nr. 21, Judet Satu Mare
TEMPO COM SRL^7329150^J30/1957/1994^ROONRC.J30/1957/1994^1084,2038,2074,2103,2110,2112,2114^Municipiul Satu Mare, Str. BOTIZULUI Nr. 89, Judet Satu Mare
ROM SARMEX SRL^6782542^J30/1959/1994^ROONRC.J30/1959/1994^1084,2038,2080,2112,2114^Municipiul Satu Mare, Str. CAREIULUI Nr. 3-5, Judet Satu Mare
SIBIFLOR SRL^6782941^J30/1960/1994^ROONRC.J30/1960/1994^1084,2076^Municipiul Satu Mare, Str. ARON PUMNUL Nr. 3, Judet Satu Mare
GAZINCSAN SRL^6685892^J30/1961/1994^ROONRC.J30/1961/1994^1084,2038,2074,2080,2103,2110,2112,2114^Municipiul Satu Mare, Str. BARITIU Nr. 10, Judet Satu Mare
BUSINESS PROVIDER COMPANY SRL^14912341^J35/1554/2002^ROONRC.J35/1554/2002^1084,2038,2069,2074,2103,2110,2112,2114^Municipiul Timisoara, Str. GHEORGHE DOJA Nr. 50, Apartament 5, Judet Timis
BANAGUSTA SRL^14929530^J35/1601/2002^ROONRC.J35/1601/2002^1084,2038,2069,2080,2114^Municipiul Lugoj, Str. OLARI Nr. 14, Scara C, Apartament 18, Judet Timis
BRIVASERV SRL^15278880^J35/583/2003^ROONRC.J35/583/2003^1084,2038,2112,2114^Loc. Sannicolau Mare, Oras Sannicolau Mare, SANNICOLAU MARE Nr. 542, Judet Timis
HODOSAN IOAN PF^1461126354751^F35/229/2002^ROONRC.F35/229/2002^1084^Municipiul Timisoara, Str. STIINTEI Nr. 4, Scara A, Judet Timis
PETER ERZSEBET PERSOANA FIZICA AUTORIZATA^20779100^F35/231/2002^ROONRC.F35/231/2002^1074,1084,2080,2120^Municipiul Timisoara, Aleea HOTINULUI Nr. 2, Bloc 10, Scara C, Etaj 4, Apartament 13, Judet Timis
VLAD NEAGOIE PF^1341020354783^F35/360/2002^ROONRC.F35/360/2002^1084,2075^Municipiul Timisoara, Str. HEINRICH HEINE Nr. 5, Etaj 2, Apartament 8, Judet Timis
VULC GHERGHINA PF^2490301354831^F35/232/2002^ROONRC.F35/232/2002^1084,2075^Municipiul Timisoara, Str. GHEORGHE LAZAR Nr. 46, Scara A, Etaj 10, Apartament 43, Judet Timis
ZEFIR SRL^3895881^J30/579/1993^ROONRC.J30/579/1993^1084,2038,2068,2074,2076,2103,2110,2112,2114^Municipiul Satu Mare, Str. CRINULUI Nr. 13, Judet Satu Mare
RSCA EXIM SRL FILIALA SATU MARE^4246459^J30/580/1993^ROONRC.J30/580/1993^1084^Municipiul Satu Mare, Str. PASTRAVULUI Nr. 3-5, Judet Satu Mare
PANONIA IMPEX SRL^4037053^J30/581/1993^ROONRC.J30/581/1993^1084,2076^Sat Caraseu, Comuna Culciu, Str. PRINCIPALA Nr. 405-406, Judet Satu Mare
LIAL CONSTRUCT SRL^15539977^J35/1484/2003^ROONRC.J35/1484/2003^1084,2080^Municipiul Timisoara, Aleea AMICITIEI Nr. 3, Bloc 5, Etaj 3, Apartament 34, Judet Timis
TESLEVICI ILEANA PF^20045287^F35/148/2003^ROONRC.F35/148/2003^1084,2080^Municipiul Lugoj, Str. SIMION BARNUTIU Nr. 31, Judet Timis
PROFI TAXI SRL^3785609^J30/442/1993^ROONRC.J30/442/1993^1084,2038,2074,2103,2110,2112,2114^Municipiul Satu Mare, Str. 24 IANUARIE Nr. 28, Judet Satu Mare
ARCADIE SRL^3785617^J30/444/1993^ROONRC.J30/444/1993^1084,2038,2074,2080,2103,2110,2112,2114^Municipiul Satu Mare, Str. DEPOZITELOR Nr. 40, Judet Satu Mare
VERIMAX SRL^3785234^J30/445/1993^ROONRC.J30/445/1993^1084,2038,2074,2103,2110,2112,2114^Sat Andrid, Comuna Andrid, Str. PRINCIPALA Nr. 157, Judet Satu Mare
PHOENIX PROD COM SRL^3785226^J30/446/1993^ROONRC.J30/446/1993^1084,2038,2080,2103,2110,2112,2114^Sat Supuru de Jos, Comuna Supur, Str. PRINCIPALA Nr. 78, Judet Satu Mare
IDA SRL^4134366^J30/447/1993^ROONRC.J30/447/1993^1084,2038,2074,2103,2110,2112,2114^Municipiul Satu Mare, Aleea NUFARULUI, Bloc 3, Apartament 13, Judet Satu Mare
EMILIA SRL^4862181^J30/448/1993^ROONRC.J30/448/1993^1084,2038,2074,2103,2110,2112,2114^Sat Cehalut, Comuna Cehal, Str. PRINCIPALA Nr. 327, Judet Satu Mare
NAPELCO SRL^3896160^J30/449/1993^ROONRC.J30/449/1993^1084,1120,2080^Municipiul Satu Mare, Str. ALECU RUSSO Nr. 10, Bloc CR.10, Apartament 4, Judet Satu Mare
TITEA SRL^3736797^J30/451/1993^ROONRC.J30/451/1993^1084,2076^Loc. Negresti-Oas, Oras Negresti-Oas, Str. VICTORIEI, Bloc 15, Apartament 4, Judet Satu Mare
DUOPREST SRL^3737105^J30/453/1993^ROONRC.J30/453/1993^1084,2076^Municipiul Satu Mare, Str. BUJORULUI Nr. 124, Judet Satu Mare
POGAN TIBERIU PERSOANA FIZICA AUTORIZATA^29667569^F35/178/2012^ROONRC.F35/178/2012^1084^Sat Romanesti, Comuna Tomesti, Str.ROMANESTI Nr. 91, Judet Timis
CAS TIP SRL^6763176^J30/2059/1994^ROONRC.J30/2059/1994^1084^Sat Vetis, Comuna Vetis, Str. PRINCIPALA Nr. F.N, Judet Satu Mare
ECOEXPERT SRL^6661109^J30/2060/1994^ROONRC.J30/2060/1994^1084,2038,2074,2103,2110,2112,2114^Municipiul Satu Mare, Str. PETOFI SANDOR Nr. 4/A, Apartament 33, Judet Satu Mare
SINFORA SRL^6783726^J30/2062/1994^ROONRC.J30/2062/1994^1084,2038,2074,2103,2110,2112,2114^Sat Apa, Comuna Apa, Str. 14 MAI Nr. 720, Judet Satu Mare
AUTOSINCRON S SRL^5087211^J30/66/1994^ROONRC.J30/66/1994^1084,2038,2074,2080,2103,2110,2112,2114^Municipiul Satu Mare, Str. BRASOV Nr. 13/6, Judet Satu Mare
TINERET SRL^5172058^J30/68/1994^ROONRC.J30/68/1994^1074,1084,2080,2120^Sat Dorolt, Comuna Dorolt, Cart. ELIAS Nr. 213, Judet Satu Mare
TREBOR SRL^5171311^J30/70/1994^ROONRC.J30/70/1994^1084,2038,2074,2103,2110,2112,2114^Municipiul Satu Mare, Str. GABRIEL GEORGESCU Nr. 21, Judet Satu Mare
S CARPATI SRL^5586920^J30/71/1994^ROONRC.J30/71/1994^1084,2038,2080,2112,2114^Sat Certeze, Comuna Certeze, Str. PRINCIPALA Nr. 716, Judet Satu Mare
OGLAN CONSULTING SRL^15299416^J35/681/2003^ROONRC.J35/681/2003^1084,2038,2080^Sat Sanandrei, Comuna Sanandrei Nr. 36, Judet Timis
BEL-CERAM SRL^15618817^J35/1711/2003^ROONRC.J35/1711/2003^1084,2038,2074,2103,2110,2112,2114^Municipiul Timisoara, Str. ORSOVA Nr. 30, Bloc 74, Apartament 7, Judet Timis
MORANDI SNC^15822794^J35/2426/2003^ROONRC.J35/2426/2003^1084,2038,2110,2112,2114^Municipiul Timisoara, Str. HEBE Nr. 13, Judet Timis
DARIUS FUSCUS SRL^16088581^J35/269/2004^ROONRC.J35/269/2004^1084,2038,2080,2114^Municipiul Timisoara, Str. ION ROATA Nr. 45, Judet Timis
KOSZO IOSIF PF^1391027354759^F35/74/2003^ROONRC.F35/74/2003^1084^Municipiul Timisoara, Str. ALSACIA Nr. 23, Judet Timis
ROVIO SRL^5171249^J30/30/1994^ROONRC.J30/30/1994^1084,2076^Municipiul Satu Mare, Str. DRUM CAREI, Bloc C.17, Apartament 2, Judet Satu Mare
SEMNAL SRL^8383203^J30/297/1996^ROONRC.J30/297/1996^1084,1113,2038,2074,2076,2103,2110,2112,2114^Municipiul Satu Mare, Str. FAGARASULUI Nr. 41, Apartament 8, Judet Satu Mare
MURVAI TRANS SRL^8383572^J30/298/1996^ROONRC.J30/298/1996^1084,2038,2074,2103,2110,2112,2114^Sat Nisipeni, Comuna Lazuri, Str. PRINCIPALA Nr. 3, Judet Satu Mare
IMAK TRANS SRL^8340580^J30/300/1996^ROONRC.J30/300/1996^1084,2038,2080,2110,2114^Municipiul Satu Mare, Str. CRISULUI, Bloc UC.9, Apartament 7, Judet Satu Mare
ALFA EXIM SRL^8308171^J30/301/1996^ROONRC.J30/301/1996^1084,2038,2074,2103,2110,2112,2114^Municipiul Satu Mare, Str. TRANSILVANIA Nr. 7, Judet Satu Mare
WOLF IMPEX SRL^9496553^J30/302/1996^ROONRC.J30/302/1996^1084,2038,2074,2103,2110,2112,2114^Municipiul Satu Mare, Str. VANATORILOR, Judet Satu Mare
ANANDA TRADE SRL^8383149^J30/303/1996^ROONRC.J30/303/1996^1084,2038,2074,2103,2110,2112,2114^Municipiul Satu Mare, Str. GABRIEL GEORGESCU Nr. 9, Apartament 2, Judet Satu Mare
MARGARETA IMPEX SRL^8308228^J30/304/1996^ROONRC.J30/304/1996^1084,2038,2074,2103,2110,2112,2114^Municipiul Satu Mare, Aleea NUFARULUI, Apartament 30, Judet Satu Mare
LUCIPOL COM SRL^8340555^J30/305/1996^ROONRC.J30/305/1996^1084,2038,2080,2114^Municipiul Satu Mare, Str. CIBINULUI, Bloc CE.14, Apartament 6, Judet Satu Mare
AQUA FONTANA SRL^8405786^J30/306/1996^ROONRC.J30/306/1996^1084,2038,2074,2103,2110,2112,2114^Municipiul Satu Mare, Str. CAREIULUI, Bloc C.14, Apartament 21, Judet Satu Mare
BENEVOLUS SRL^8340652^J30/308/1996^ROONRC.J30/308/1996^1084,2076^Municipiul Satu Mare, Str. PANDURILOR Nr. 7, Judet Satu Mare
M.G.M. GROUP PRESS SRL^15610937^J35/1683/2003^ROONRC.J35/1683/2003^1084,2038,2069,2074,2103,2110,2112,2114^Municipiul Timisoara, Str. 1 DECEMBRIE Nr. 16, Bloc SUBSOL, Apartament 2, Judet Timis
DREAVA GHIORGHI INTREPRINDERE FAMILIALA^19594389^F35/318/2003^ROONRC.F35/318/2003^1084,2080^Municipiul Timisoara, Str. MARTIR DUMITRU JUGANARU Nr. 14, Bloc 61, Scara B, Etaj 4, Apartament 13, Judet Timis
SERE MARIN PF^19879491^F35/217/2003^ROONRC.F35/217/2003^1084,2080^Sat Chisoda, Comuna Giroc, Str. PRIMAVERII Nr. 60, Judet Timis
SERE ADRIAN PERSOANA FIZICA AUTORIZATA^19879459^F35/241/2003^ROONRC.F35/241/2003^1084,2080^Sat Chisoda, Comuna Giroc, Str. PRIMAVERII Nr. 60, Judet Timis
WERNER & CHERA SRL^15812634^J35/2398/2003^ROONRC.J35/2398/2003^1084^Sat Becicherecu Mic, Comuna Becicherecu Mic Nr. 514, Judet Timis
WORK BETON SRL^14336222^J35/1414/2001^ROONRC.J35/1414/2001^1084,2038,2074,2080,2103,2110,2112,2114^Municipiul Timisoara, Str. ELECTRONICII Nr. 17, Bloc PARTER, Apartament 2, Judet Timis
AUTO RICO SRL^14198022^J35/1047/2001^ROONRC.J35/1047/2001^1084,2038,2069,2114^Municipiul Timisoara, Calea DOROBANTILOR Nr. FN, Bloc E12, Scara C, Apartament 10, Judet Timis
PHASE SEVEN SRL^15828517^J35/2432/2003^ROONRC.J35/2432/2003^1084^Municipiul Timisoara, Str. IZLAZ Nr. 46A, Scara B, Etaj 3, Apartament 11, Judet Timis
RAYVAN SRL^15955499^J35/2860/2003^ROONRC.J35/2860/2003^1084,2038,2069,2080,2110,2112,2114^Sat Berecuta, Comuna Birda Nr. 39, Judet Timis
GABOR GRUP SRL^15766570^J35/2226/2003^ROONRC.J35/2226/2003^1052,1084,2080^Municipiul Timisoara, Str. CPT. DAMSESCU Nr. 35, Judet Timis
DECEBAL SRL^0^J30/880/1991^ROONRC.J30/880/1991^1084,2076^Municipiul Satu Mare, Str. LUKO BELA, Judet Satu Mare
MOBIL COMIMPEX SRL^640107^J30/881/1991^ROONRC.J30/881/1991^1084,2038,2069,2074,2080,2103,2110,2112,2114^Municipiul Satu Mare, Str. ALEXIU BERINDE Nr. 23, Judet Satu Mare
SECOM SRL^669448^J30/882/1991^ROONRC.J30/882/1991^1084,2038,2068,2074,2076,2103,2110,2112,2114^Sat Dorolt, Comuna Dorolt, Str. PRINCIPALA Nr. 313, Judet Satu Mare
LIUTA SRL^645902^J30/884/1991^ROONRC.J30/884/1991^1084,2038^Municipiul Satu Mare, Str. WOLFENBUTTEL Nr. P-TA 2, Judet Satu Mare
MIRISAN SRL^11923630^J30/195/1999^ROONRC.J30/195/1999^1084,2038,2074,2103,2110,2112,2114^Municipiul Satu Mare, Str. BRINDUSA Nr. 38, Apartament 4, Judet Satu Mare
SORINA SRL^5886740^J30/1207/1991^ROONRC.J30/1207/1991^1084,2076^Municipiul Satu Mare, B-dul LUCIAN BLAGA Nr. 30, Judet Satu Mare
CALIN SRL^5963648^J30/1208/1991^ROONRC.J30/1208/1991^1084,2038,2074,2080,2103,2110,2112,2114^Sat Camarzana, Comuna Camarzana Nr. 330, Judet Satu Mare
TRANSPROIMPEX SRL^2387494^J30/1209/1991^ROONRC.J30/1209/1991^1052,1074,1084,2080,2120^Municipiul Satu Mare, Str. ANGHEL SALIGNY Nr. 91, Judet Satu Mare
TEIUL SRL^646924^J30/1210/1991^ROONRC.J30/1210/1991^1084,2038,2074,2080,2103,2110,2112,2114^Municipiul Satu Mare, Str. ZORILOR Nr. 22, Judet Satu Mare
FRATIA SRL^671987^J30/1213/1991^ROONRC.J30/1213/1991^1084,2076^Sat Caraseu, Comuna Culciu, Str. PRINCIPALA Nr. 397, Judet Satu Mare
ANDRA SRL^660244^J30/1214/1991^ROONRC.J30/1214/1991^1084,2076^Municipiul Carei, Str. TIBLESULUI Nr. 20, Judet Satu Mare
PANTEA ANA PF^2710727354747^F35/414/2001^ROONRC.F35/414/2001^1084,2075^Municipiul Timisoara, Str. TELEGRAFULUI Nr. 10, Apartament 4, Judet Timis
LINE 20 SRL^14692416^J35/908/2002^ROONRC.J35/908/2002^1084,2037,2038,2069,2074,2103,2114^Municipiul Timisoara, Str. LUCIAN BLAGA, Etaj P, Apartament 24, Judet Timis
BETA SERVICE SRL^649823^J30/1255/1992^ROONRC.J30/1255/1992^1084,2038,2074,2080,2112,2114^Municipiul Satu Mare, Str. CAREIULUI Nr. 160, Judet Satu Mare
DIMO SRL^5233988^J30/1256/1992^ROONRC.J30/1256/1992^1084,2038,2074,2103,2110,2112,2114^Municipiul Satu Mare, Str. ARGESULUI Nr. 61, Judet Satu Mare
TETRIX SRL^6593934^J30/1797/1994^ROONRC.J30/1797/1994^1084,2076^Municipiul Satu Mare, Str. AVRAM IANCU Nr. 58, Apartament 24, Judet Satu Mare
AUTO INVEST SRL^6593748^J30/1798/1994^ROONRC.J30/1798/1994^1084,2038,2080,2103,2110,2112,2114^Municipiul Satu Mare, Str. PETOFI SANDOR Nr. 39, Judet Satu Mare
NECHITA RODICA LUCIA AF^669871^F30/479/1991^ROONRC.F30/479/1991^1084,2075^Sat Mediesu Aurit, Comuna Mediesu Aurit, Str. CETATII Nr. FARA NR, Judet Satu Mare
TORZ GHEORGHE AF^0^F30/480/1991^ROONRC.F30/480/1991^1084,2075^Sat Bixad, Comuna Bixad, Str. FABRICII Nr. 193, Judet Satu Mare
TOTH MARGARETA MARIA AF^0^F30/481/1991^ROONRC.F30/481/1991^1084,2075^Municipiul Satu Mare, B-dul MUNCII, Bloc H.36, Apartament 3, Judet Satu Mare
CORNEA IOAN GHEORGHE AF^0^F30/482/1991^ROONRC.F30/482/1991^1084,2075^Sat Bixad, Comuna Bixad, Str. JOSANI Nr. 327, Judet Satu Mare
BORDIANU STELA CRINA PF^0^F30/483/1991^ROONRC.F30/483/1991^1084,2075^Municipiul Satu Mare, Str. OSTROVULUI Nr. 8, Apartament 42, Judet Satu Mare
GERGELY VALENTIN IOSIF PF^0^F30/484/1991^ROONRC.F30/484/1991^1084,2075^Loc. Negresti-Oas, Oras Negresti-Oas, Str. VICTORIEI, Bloc 20, Apartament 16, Judet Satu Mare
BUNDIK GENIA AF^5280122^F30/485/1991^ROONRC.F30/485/1991^1084,2075^Sat Pir, Comuna Pir, Str. PRINCIPALA Nr. 67, Judet Satu Mare
CUCULEANU NICOLAE AF^0^F30/487/1991^ROONRC.F30/487/1991^1084,2075^Municipiul Satu Mare, P-ta 25 OCTOMBRIE, Judet Satu Mare
BALINT GASPAR AF^7288203^F30/107/1995^ROONRC.F30/107/1995^1084,2075^Sat Homorodu de Jos, Comuna Homoroade, Str. PRINCIPALA Nr. 219, Judet Satu Mare
JOUFI MIHAI AF^7618590^F30/108/1995^ROONRC.F30/108/1995^1084,2075^Sat Romanesti, Comuna Mediesu Aurit, Str. PRINCIPALA Nr. 201, Judet Satu Mare
OROSZ GABOR GYORGY AF^7605581^F30/109/1995^ROONRC.F30/109/1995^1084,2075^Loc. Tasnad, Oras Tasnad, Str. CAISILOR Nr. 7, Judet Satu Mare
SARCA VASILE AF^7605590^F30/110/1995^ROONRC.F30/110/1995^1084,2075^Sat Batarci, Comuna Batarci, Str. ULITA SATULUI Nr. 537, Judet Satu Mare
LUCUT VASILE AF^7404464^F30/111/1995^ROONRC.F30/111/1995^1084,2075^Sat Camarzana, Comuna Camarzana, Str. PASTENI Nr. 97, Judet Satu Mare
SOCOLAN GHEORGHE AF^7503468^F30/113/1995^ROONRC.F30/113/1995^1084,2075,2080^Sat Andrid, Comuna Andrid, Str. PRINCIPALA Nr. 198, Judet Satu Mare
HORVATH IOSIF PF^1420917304002^F30/114/1995^ROONRC.F30/114/1995^1084,2075,2080^Loc. Tasnad, Oras Tasnad, Aleea STRANDULUI Nr. 26, Judet Satu Mare
SCHRADI ROBERT AF^7559418^F30/115/1995^ROONRC.F30/115/1995^1084,2075^Municipiul Satu Mare, Str. MARTIRILOR DEPORTATI Nr. 5, Judet Satu Mare
GINDELE IOSIF TIBERIU AF^5234177^F30/116/1995^ROONRC.F30/116/1995^1084,2075,2080^Municipiul Carei, Str. INDEPENDENTEI Nr. 22, Judet Satu Mare
URANUS SRL^5203162^J30/532/1993^ROONRC.J30/532/1993^1084,2076^Municipiul Satu Mare, Str. ZENIT, Bloc 7, Apartament 18, Judet Satu Mare
TONYNET SRL^15202172^J35/328/2003^ROONRC.J35/328/2003^1084^Sat Jebel, Comuna Jebel, Bloc 832/A, Apartament 2, Judet Timis
MARKO FASHION SRL^15679121^J35/1868/2003^ROONRC.J35/1868/2003^1084,2038,2112,2114^Municipiul Timisoara, Str. NICOLAE FILIMON Nr. 16, Judet Timis
MIOC NICOLETA-CAMELIA PF^2640518013521^F35/728/2003^ROONRC.F35/728/2003^1084^Municipiul Timisoara, Str. BUJORILOR, Bloc 33, Scara E, Etaj P, Apartament 3, Judet Timis
ROCAM EXIM SRL^6468591^J30/1606/1994^ROONRC.J30/1606/1994^1084,2076^Sat Camin, Comuna Camin, Str. PRINCIPALA Nr. COOP., Judet Satu Mare
ANCORET COMPANY SRL^6468168^J30/1607/1994^ROONRC.J30/1607/1994^1084,2038,2074,2076,2103,2110,2112,2114^Municipiul Satu Mare, Str. DARIU POP Nr. 32/A, Judet Satu Mare
BIL CONSTRUCTII SRL^6468583^J30/1608/1994^ROONRC.J30/1608/1994^1084,2076^Loc. Tur, Oras Negresti-Oas, Str. PRINCIPALA Nr. 494, Judet Satu Mare
M&D SRL^6532147^J30/1610/1994^ROONRC.J30/1610/1994^1084,2076^Municipiul Carei, Cart. MIHAI VITEAZU I, Bloc MV.12, Apartament 31, Judet Satu Mare
MOL FLOR ELIS SRL^6490904^J30/1613/1994^ROONRC.J30/1613/1994^1084,2038,2074,2103,2110,2112,2114^Municipiul Satu Mare, Str. ANGHEL SALIGNY Nr. 17, Judet Satu Mare
URFA TRANS SRL^7266167^J30/1615/1994^ROONRC.J30/1615/1994^1084,2076^Municipiul Satu Mare, Str. CAREIULUI Nr. 10, Apartament 21, Judet Satu Mare
MARCIUC SIMONA PERSOANA FIZICA AUTORIZATA^28365848^F35/604/2011^ROONRC.F35/604/2011^1084^Municipiul Timisoara, Str. ION SLAVICI Nr. 14, Scara A, Apartament 3, Judet Timis
COSOVANU M. MIHAELA INTREPRINDERE FAMILIALA^28094242^F35/264/2011^ROONRC.F35/264/2011^1084,2069^Sat Biled, Comuna Biled, Str. PRINCIPALA Nr. 430, Judet Timis
SZEGEDI ISTVAN MIKLOS AF^2830450^F30/455/1992^ROONRC.F30/455/1992^1084,2075^Municipiul Satu Mare, Str. OSTROVULUI Nr. 7, Apartament 2, Judet Satu Mare
TOBOZ SRL^2828965^J30/1541/1992^ROONRC.J30/1541/1992^1084,2076^Municipiul Satu Mare, B-dul UNIRII Nr. 48, Judet Satu Mare
MINICALCUL SRL^2829243^J30/1544/1992^ROONRC.J30/1544/1992^1084,2038,2080,2114^Municipiul Satu Mare, Str. CHENDI ILARIE Nr. 59, Judet Satu Mare
TERASA PARC SRL^2826522^J30/1547/1992^ROONRC.J30/1547/1992^1084,2038,2080,2110,2112,2114^Municipiul Carei, Str. 1 DECEMBRIE 1918 Nr. 10, Judet Satu Mare
ARES SRL^2829200^J30/1548/1992^ROONRC.J30/1548/1992^1084,2076^Municipiul Satu Mare, Str. CAREIULUI Nr. 12, Bloc 11, Apartament 20, Judet Satu Mare
NOSTIM IMPEX SRL^4247063^J30/1549/1992^ROONRC.J30/1549/1992^1084,2076^Municipiul Carei, Str. COSTACHE NEGRUZZI Nr. 5, Judet Satu Mare
KUPSCH SRL^3357602^J30/1550/1992^ROONRC.J30/1550/1992^1084,2076^Municipiul Carei, B-dul 25 OCTOMBRIE, Bloc 37, Apartament 33, Judet Satu Mare
POLCZ PECSI SNC^3192091^J30/1551/1992^ROONRC.J30/1551/1992^1084,2038,2074,2103,2110,2112,2114^Municipiul Carei, B-dul 25 OCTOMBRIE Nr. 35, Judet Satu Mare
INTRETINERE SI REPARATII AUTO SA^12124649^J30/261/1999^ROONRC.J30/261/1999^1084,2038,2068,2074,2103,2110,2112,2114^Municipiul Carei, Str. INDEPENDENTEI Nr. 41, Judet Satu Mare
VEBER COMPANY SRL^10113449^J30/15/1998^ROONRC.J30/15/1998^1084,2076^Municipiul Satu Mare, Str. LUCIAN BLAGA, Bloc UU 4, Etaj 2, Apartament 6, Judet Satu Mare
TEKLA IMPEX SRL^9974186^J30/765/1997^ROONRC.J30/765/1997^1084,2076^Sat Ghilvaci, Comuna Moftin, Com. MOFTIN Nr. 495, Judet Satu Mare
TEOSERV SRL^10021868^J30/802/1997^ROONRC.J30/802/1997^1052,1074,1084,2080,2120^Municipiul Satu Mare, Str. ANGHEL SALIGNY Nr. 25, Judet Satu Mare
GYERTIX SRL^10094991^J30/3/1998^ROONRC.J30/3/1998^1084,2076^Municipiul Satu Mare, Aleea CLABUCET, Bloc 7, Scara D, Apartament 63, Judet Satu Mare
CAMFLEX SRL^10075477^J30/816/1997^ROONRC.J30/816/1997^1084,2038,2074,2103,2110,2112,2114^Municipiul Satu Mare, Str. DRUM CAREI Nr. 47, Apartament 7, Judet Satu Mare
SARCA MARIA AF^7520019^F30/230/1996^ROONRC.F30/230/1996^1084,2075^Loc. Negresti-Oas, Oras Negresti-Oas, Str. GARII Nr. 18, Judet Satu Mare
TOMA ANA AF^7924327^F30/231/1996^ROONRC.F30/231/1996^1084,2075^Sat Batarci, Comuna Batarci, Str. PONOR Nr. 619, Judet Satu Mare
SERBAN IOAN CORNELIU AF^5172015^F30/233/1996^ROONRC.F30/233/1996^1084,2080^Loc. Negresti-Oas, Oras Negresti-Oas, Str. VRATICEL Nr. 48, Judet Satu Mare
ORBAN BARNA IMRE PF^8919019^F30/234/1996^ROONRC.F30/234/1996^1084,2075^Municipiul Carei, Str. REPUBLICII Nr. 19, Apartament 4, Judet Satu Mare
STEAVE SRL^14588335^J35/579/2002^ROONRC.J35/579/2002^1084,2080^Sat Sag, Comuna Sag, Str. A XII-A Nr. 53, Judet Timis
LYON IMPEX SRL^8308120^J30/288/1996^ROONRC.J30/288/1996^1084,2038,2069,2080,2103,2110,2112,2114^Municipiul Satu Mare, B-dul LUCIAN BLAGA Nr. 270/A, Judet Satu Mare
RAMBO SRL^8308686^J30/289/1996^ROONRC.J30/289/1996^1084,2076^Municipiul Carei, Str. HAIDUCILOR Nr. 18, Judet Satu Mare
LAZIN SRL^8738403^J30/290/1996^ROONRC.J30/290/1996^1084,2076^Sat Petea, Comuna Dorolt, Str. PRINCIPALA Nr. 31, Judet Satu Mare
LACTEEA SRL^8308163^J30/291/1996^ROONRC.J30/291/1996^1084,2038,2074,2080,2103,2110,2112,2114^Municipiul Satu Mare, B-dul LUCIAN BLAGA, Bloc UU.13, Apartament 5, Judet Satu Mare
HAVRINCEA SRL^8308147^J30/292/1996^ROONRC.J30/292/1996^1084,2038,2080,2110,2112,2114^Municipiul Satu Mare, Str. ARINULUI Nr. 4, Bloc 12, Apartament 26, Judet Satu Mare
NUNA SRL^4037312^J30/688/1993^ROONRC.J30/688/1993^1084,2076^Municipiul Carei, Str. SPICULUI Nr. 3, Judet Satu Mare
BERENDI SRL^4038385^J30/689/1993^ROONRC.J30/689/1993^1084^Municipiul Satu Mare, Str. GR.ALEXANDRESCU Nr. 11, Judet Satu Mare
CDR ANDRADA SRL^3963277^J30/690/1993^ROONRC.J30/690/1993^1084,2038,2080,2112,2114^Municipiul Satu Mare, Str. NICOLAE GOLESCU, Bloc 14, Apartament 16, Judet Satu Mare
KADAR ALEXANDRU AF^652420^F30/117/1992^ROONRC.F30/117/1992^1084,2075^Municipiul Satu Mare, Str. G.GEORGESCU Nr. 82, Judet Satu Mare
BURCUS GHEORGHE AF^670094^F30/118/1992^ROONRC.F30/118/1992^1084^Sat Odoreu, Comuna Odoreu, Str. 14 MAI Nr. 11, Judet Satu Mare
SIMO MARIA AF^7329508^F30/119/1992^ROONRC.F30/119/1992^1084,2080^Loc. Livada, Oras Livada, Str. LAAR VASILE Nr. 40, Judet Satu Mare
ZAICA GABRIELA CLARA AF^2390392^F30/120/1992^ROONRC.F30/120/1992^1084,2075^Municipiul Satu Mare, Str. OBORULUI Nr. 2, Judet Satu Mare
BOJAN MARGARETA PF^0^F30/121/1992^ROONRC.F30/121/1992^1084,2075^Loc. Negresti-Oas, Oras Negresti-Oas, Str. PIETII Nr. 3, Judet Satu Mare
DANA ALEXANDRU AF^665233^F30/122/1992^ROONRC.F30/122/1992^1084,2075^Loc. Tasnad, Oras Tasnad, Str. FLORILOR Nr. 26, Judet Satu Mare
SEBOK COLOMAN PF^0^F30/123/1992^ROONRC.F30/123/1992^1084,2075^Sat Camin, Comuna Camin, Str. ROMILOR Nr. 300, Judet Satu Mare
KOVACS ANDREI PF^0^F30/124/1992^ROONRC.F30/124/1992^1084,2075^Sat Turulung, Comuna Turulung, Str. VIILOR Nr. 764, Judet Satu Mare